qpu,n,shots_per_circuit,circuits,total_shots,task_rate_dollars,shot_rate_dollars,cost_dollars,within_20_dollar_cap,classical_bound,quantum_bound,ideal_quantum_advantage,readout_e0,readout_e1,readout_source,delta_mode,predicted_delta,expected_win_rate,margin_above_classical,physics_possible,certification_power,certification_power_percent,expected_p_value,passes_3sigma_at_expectation
emerald,3,10,6,60,0.3,0.0016,1.896,True,0.8333333333333334,0.9330127018922194,0.09967936855888604,0.0013,0.028,"our probe, 2026-08-20; e1 includes prep error",published,0.025002807256436554,0.9080098946357829,0.07467656130244948,True,0.02164615220283755,2.164615220283755,0.10807126010622699,False
emerald,3,20,6,120,0.3,0.0016,1.9919999999999998,True,0.8333333333333334,0.9330127018922194,0.09967936855888604,0.0013,0.028,"our probe, 2026-08-20; e1 includes prep error",published,0.025002807256436554,0.9080098946357829,0.07467656130244948,True,0.21570852933119575,21.570852933119575,0.013931433789253739,False
emerald,3,30,6,180,0.3,0.0016,2.088,True,0.8333333333333334,0.9330127018922194,0.09967936855888604,0.0013,0.028,"our probe, 2026-08-20; e1 includes prep error",published,0.025002807256436554,0.9080098946357829,0.07467656130244948,True,0.40525957596287054,40.52595759628706,0.0040434343591076215,False
emerald,3,40,6,240,0.3,0.0016,2.184,True,0.8333333333333334,0.9330127018922194,0.09967936855888604,0.0013,0.028,"our probe, 2026-08-20; e1 includes prep error",published,0.025002807256436554,0.9080098946357829,0.07467656130244948,True,0.6348936621828789,63.48936621828789,0.0006119586079603848,True
emerald,3,50,6,300,0.3,0.0016,2.2800000000000002,True,0.8333333333333334,0.9330127018922194,0.09967936855888604,0.0013,0.028,"our probe, 2026-08-20; e1 includes prep error",published,0.025002807256436554,0.9080098946357829,0.07467656130244948,True,0.785419170272077,78.5419170272077,0.00019109152936223921,True
emerald,3,60,6,360,0.3,0.0016,2.3760000000000003,True,0.8333333333333334,0.9330127018922194,0.09967936855888604,0.0013,0.028,"our probe, 2026-08-20; e1 includes prep error",published,0.025002807256436554,0.9080098946357829,0.07467656130244948,True,0.8763625241630741,87.63625241630741,3.0320511975656116e-05,True
emerald,3,70,6,420,0.3,0.0016,2.472,True,0.8333333333333334,0.9330127018922194,0.09967936855888604,0.0013,0.028,"our probe, 2026-08-20; e1 includes prep error",published,0.025002807256436554,0.9080098946357829,0.07467656130244948,True,0.9294471428100387,92.94471428100387,9.746391504911836e-06,True
emerald,3,80,6,480,0.3,0.0016,2.568,True,0.8333333333333334,0.9330127018922194,0.09967936855888604,0.0013,0.028,"our probe, 2026-08-20; e1 includes prep error",published,0.025002807256436554,0.9080098946357829,0.07467656130244948,True,0.9599333931763223,95.99333931763223,1.582364143530639e-06,True
emerald,3,90,6,540,0.3,0.0016,2.664,True,0.8333333333333334,0.9330127018922194,0.09967936855888604,0.0013,0.028,"our probe, 2026-08-20; e1 includes prep error",published,0.025002807256436554,0.9080098946357829,0.07467656130244948,True,0.9837770904917827,98.37770904917828,5.166575308061375e-07,True
emerald,3,100,6,600,0.3,0.0016,2.76,True,0.8333333333333334,0.9330127018922194,0.09967936855888604,0.0013,0.028,"our probe, 2026-08-20; e1 includes prep error",published,0.025002807256436554,0.9080098946357829,0.07467656130244948,True,0.9936312043433952,99.36312043433952,8.50308790530424e-08,True
emerald,3,110,6,660,0.3,0.0016,2.856,True,0.8333333333333334,0.9330127018922194,0.09967936855888604,0.0013,0.028,"our probe, 2026-08-20; e1 includes prep error",published,0.025002807256436554,0.9080098946357829,0.07467656130244948,True,0.9964391654006662,99.64391654006663,2.8036741097587736e-08,True
emerald,3,120,6,720,0.3,0.0016,2.952,True,0.8333333333333334,0.9330127018922194,0.09967936855888604,0.0013,0.028,"our probe, 2026-08-20; e1 includes prep error",published,0.025002807256436554,0.9080098946357829,0.07467656130244948,True,0.9986346549750856,99.86346549750856,4.65607013258049e-09,True
emerald,3,130,6,780,0.3,0.0016,3.048,True,0.8333333333333334,0.9330127018922194,0.09967936855888604,0.0013,0.028,"our probe, 2026-08-20; e1 includes prep error",published,0.025002807256436554,0.9080098946357829,0.07467656130244948,True,0.999484103682224,99.9484103682224,1.545569884366864e-09,True
emerald,3,140,6,840,0.3,0.0016,3.144,True,0.8333333333333334,0.9330127018922194,0.09967936855888604,0.0013,0.028,"our probe, 2026-08-20; e1 includes prep error",published,0.025002807256436554,0.9080098946357829,0.07467656130244948,True,0.9998072654752581,99.9807265475258,2.5832716055869375e-10,True
emerald,3,150,6,900,0.3,0.0016,3.24,True,0.8333333333333334,0.9330127018922194,0.09967936855888604,0.0013,0.028,"our probe, 2026-08-20; e1 includes prep error",published,0.025002807256436554,0.9080098946357829,0.07467656130244948,True,0.9998919542797087,99.98919542797087,8.617198976337362e-11,True
emerald,3,160,6,960,0.3,0.0016,3.3360000000000003,True,0.8333333333333334,0.9330127018922194,0.09967936855888604,0.0013,0.028,"our probe, 2026-08-20; e1 includes prep error",published,0.025002807256436554,0.9080098946357829,0.07467656130244948,True,0.9999599222566964,99.99599222566964,1.4472227969554367e-11,True
emerald,3,170,6,1020,0.3,0.0016,3.4320000000000004,True,0.8333333333333334,0.9330127018922194,0.09967936855888604,0.0013,0.028,"our probe, 2026-08-20; e1 includes prep error",published,0.025002807256436554,0.9080098946357829,0.07467656130244948,True,0.9999852342184611,99.9985234218461,4.845636309510926e-12,True
emerald,3,180,6,1080,0.3,0.0016,3.5280000000000005,True,0.8333333333333334,0.9330127018922194,0.09967936855888604,0.0013,0.028,"our probe, 2026-08-20; e1 includes prep error",published,0.025002807256436554,0.9080098946357829,0.07467656130244948,True,0.9999945899616263,99.99945899616263,8.168490829101733e-13,True
emerald,3,190,6,1140,0.3,0.0016,3.6239999999999997,True,0.8333333333333334,0.9330127018922194,0.09967936855888604,0.0013,0.028,"our probe, 2026-08-20; e1 includes prep error",published,0.025002807256436554,0.9080098946357829,0.07467656130244948,True,0.999998026886538,99.9998026886538,2.743036223809871e-13,True
emerald,3,200,6,1200,0.3,0.0016,3.7199999999999998,True,0.8333333333333334,0.9330127018922194,0.09967936855888604,0.0013,0.028,"our probe, 2026-08-20; e1 includes prep error",published,0.025002807256436554,0.9080098946357829,0.07467656130244948,True,0.9999992831274682,99.99992831274682,4.6378721406777246e-14,True
emerald,3,210,6,1260,0.3,0.0016,3.816,True,0.8333333333333334,0.9330127018922194,0.09967936855888604,0.0013,0.028,"our probe, 2026-08-20; e1 includes prep error",published,0.025002807256436554,0.9080098946357829,0.07467656130244948,True,0.9999997403820984,99.99997403820984,1.5611242784526742e-14,True
emerald,3,220,6,1320,0.3,0.0016,3.912,True,0.8333333333333334,0.9330127018922194,0.09967936855888604,0.0013,0.028,"our probe, 2026-08-20; e1 includes prep error",published,0.025002807256436554,0.9080098946357829,0.07467656130244948,True,0.9999999062342282,99.99999062342282,2.645967901567413e-15,True
emerald,3,230,6,1380,0.3,0.0016,4.007999999999999,True,0.8333333333333334,0.9330127018922194,0.09967936855888604,0.0013,0.028,"our probe, 2026-08-20; e1 includes prep error",published,0.025002807256436554,0.9080098946357829,0.07467656130244948,True,0.9999999662132831,99.99999662132831,8.92383686539837e-16,True
emerald,3,240,6,1440,0.3,0.0016,4.103999999999999,True,0.8333333333333334,0.9330127018922194,0.09967936855888604,0.0013,0.028,"our probe, 2026-08-20; e1 includes prep error",published,0.025002807256436554,0.9080098946357829,0.07467656130244948,True,0.9999999878497912,99.99999878497911,1.5155892873412483e-16,True
emerald,3,250,6,1500,0.3,0.0016,4.199999999999999,True,0.8333333333333334,0.9330127018922194,0.09967936855888604,0.0013,0.028,"our probe, 2026-08-20; e1 includes prep error",published,0.025002807256436554,0.9080098946357829,0.07467656130244948,True,0.9999999972773882,99.99999972773882,5.119883012130444e-17,True
emerald,3,260,6,1560,0.3,0.0016,4.295999999999999,True,0.8333333333333334,0.9330127018922194,0.09967936855888604,0.0013,0.028,"our probe, 2026-08-20; e1 includes prep error",published,0.025002807256436554,0.9080098946357829,0.07467656130244948,True,0.9999999990272,99.99999990272,1.727461821067151e-17,True
emerald,3,270,6,1620,0.3,0.0016,4.3919999999999995,True,0.8333333333333334,0.9330127018922194,0.09967936855888604,0.0013,0.028,"our probe, 2026-08-20; e1 includes prep error",published,0.025002807256436554,0.9080098946357829,0.07467656130244948,True,0.9999999996527784,99.99999996527784,2.9465949391024803e-18,True
emerald,3,280,6,1680,0.3,0.0016,4.4879999999999995,True,0.8333333333333334,0.9330127018922194,0.09967936855888604,0.0013,0.028,"our probe, 2026-08-20; e1 includes prep error",published,0.025002807256436554,0.9080098946357829,0.07467656130244948,True,0.9999999998761788,99.99999998761788,9.956129133347042e-19,True
emerald,3,290,6,1740,0.3,0.0016,4.584,True,0.8333333333333334,0.9330127018922194,0.09967936855888604,0.0013,0.028,"our probe, 2026-08-20; e1 includes prep error",published,0.025002807256436554,0.9080098946357829,0.07467656130244948,True,0.9999999999558796,99.99999999558796,1.7003640503206148e-19,True
emerald,3,300,6,1800,0.3,0.0016,4.68,True,0.8333333333333334,0.9330127018922194,0.09967936855888604,0.0013,0.028,"our probe, 2026-08-20; e1 includes prep error",published,0.025002807256436554,0.9080098946357829,0.07467656130244948,True,0.9999999999842898,99.99999999842898,5.752415090210485e-20,True
emerald,5,10,10,100,0.3,0.0016,3.16,True,0.9,0.9755282581475768,0.0755282581475768,0.0013,0.028,"our probe, 2026-08-20; e1 includes prep error",published,0.027457719673110836,0.948070538474466,0.04807053847446596,True,0.031294262747379294,3.1294262747379293,0.05757688648703583,False
emerald,5,20,10,200,0.3,0.0016,3.3199999999999994,True,0.9,0.9755282581475768,0.0755282581475768,0.0013,0.028,"our probe, 2026-08-20; e1 includes prep error",published,0.027457719673110836,0.948070538474466,0.04807053847446596,True,0.1802785657648943,18.02785657648943,0.008071249955101018,False
emerald,5,30,10,300,0.3,0.0016,3.4799999999999995,True,0.9,0.9755282581475768,0.0755282581475768,0.0013,0.028,"our probe, 2026-08-20; e1 includes prep error",published,0.027457719673110836,0.948070538474466,0.04807053847446596,True,0.5074505721442438,50.745057214424385,0.0026514630464068542,False
emerald,5,40,10,400,0.3,0.0016,3.6399999999999997,True,0.9,0.9755282581475768,0.0755282581475768,0.0013,0.028,"our probe, 2026-08-20; e1 includes prep error",published,0.027457719673110836,0.948070538474466,0.04807053847446596,True,0.6619674657643995,66.19674657643995,0.00043833332384359035,True
emerald,5,50,10,500,0.3,0.0016,3.8,True,0.9,0.9755282581475768,0.0755282581475768,0.0013,0.028,"our probe, 2026-08-20; e1 includes prep error",published,0.027457719673110836,0.948070538474466,0.04807053847446596,True,0.8211983132739609,82.11983132739608,7.442533085287008e-05,True
emerald,5,60,10,600,0.3,0.0016,3.96,True,0.9,0.9755282581475768,0.0755282581475768,0.0013,0.028,"our probe, 2026-08-20; e1 includes prep error",published,0.027457719673110836,0.948070538474466,0.04807053847446596,True,0.9085145491751253,90.85145491751253,1.2860224151613085e-05,True
emerald,5,70,10,700,0.3,0.0016,4.12,True,0.9,0.9755282581475768,0.0755282581475768,0.0013,0.028,"our probe, 2026-08-20; e1 includes prep error",published,0.027457719673110836,0.948070538474466,0.04807053847446596,True,0.9539999298531239,95.3999929853124,2.249879794151879e-06,True
emerald,5,80,10,800,0.3,0.0016,4.28,True,0.9,0.9755282581475768,0.0755282581475768,0.0013,0.028,"our probe, 2026-08-20; e1 includes prep error",published,0.027457719673110836,0.948070538474466,0.04807053847446596,True,0.9839363249570396,98.39363249570397,8.162659092204935e-07,True
emerald,5,90,10,900,0.3,0.0016,4.44,True,0.9,0.9755282581475768,0.0755282581475768,0.0013,0.028,"our probe, 2026-08-20; e1 includes prep error",published,0.027457719673110836,0.948070538474466,0.04807053847446596,True,0.9921387717733547,99.21387717733548,1.4559179322192725e-07,True
emerald,5,100,10,1000,0.3,0.0016,4.6,True,0.9,0.9755282581475768,0.0755282581475768,0.0013,0.028,"our probe, 2026-08-20; e1 includes prep error",published,0.027457719673110836,0.948070538474466,0.04807053847446596,True,0.9973966542599079,99.7396654259908,2.610142256537734e-08,True
emerald,5,110,10,1100,0.3,0.0016,4.76,True,0.9,0.9755282581475768,0.0755282581475768,0.0013,0.028,"our probe, 2026-08-20; e1 includes prep error",published,0.027457719673110836,0.948070538474466,0.04807053847446596,True,0.9987358235193227,99.87358235193227,4.699214656562298e-09,True
emerald,5,120,10,1200,0.3,0.0016,4.92,True,0.9,0.9755282581475768,0.0755282581475768,0.0013,0.028,"our probe, 2026-08-20; e1 includes prep error",published,0.027457719673110836,0.948070538474466,0.04807053847446596,True,0.999593206502069,99.95932065020689,8.49034404898537e-10,True
emerald,5,130,10,1300,0.3,0.0016,5.08,True,0.9,0.9755282581475768,0.0755282581475768,0.0013,0.028,"our probe, 2026-08-20; e1 includes prep error",published,0.027457719673110836,0.948070538474466,0.04807053847446596,True,0.9998712533950711,99.98712533950712,3.1452768829431676e-10,True
emerald,5,140,10,1400,0.3,0.0016,5.24,True,0.9,0.9755282581475768,0.0755282581475768,0.0013,0.028,"our probe, 2026-08-20; e1 includes prep error",published,0.027457719673110836,0.948070538474466,0.04807053847446596,True,0.999937605321964,99.99376053219639,5.727534763800327e-11,True
emerald,5,150,10,1500,0.3,0.0016,5.4,True,0.9,0.9755282581475768,0.0755282581475768,0.0013,0.028,"our probe, 2026-08-20; e1 includes prep error",published,0.027457719673110836,0.948070538474466,0.04807053847446596,True,0.9999804964946888,99.99804964946888,1.0450381979235856e-11,True
emerald,5,160,10,1600,0.3,0.0016,5.5600000000000005,True,0.9,0.9755282581475768,0.0755282581475768,0.0013,0.028,"our probe, 2026-08-20; e1 includes prep error",published,0.027457719673110836,0.948070538474466,0.04807053847446596,True,0.9999939600656698,99.99939600656698,1.910097702039593e-12,True
emerald,5,170,10,1700,0.3,0.0016,5.720000000000001,True,0.9,0.9755282581475768,0.0755282581475768,0.0013,0.028,"our probe, 2026-08-20; e1 includes prep error",published,0.027457719673110836,0.948070538474466,0.04807053847446596,True,0.9999981435658475,99.99981435658475,3.4966864346768527e-13,True
emerald,5,180,10,1800,0.3,0.0016,5.880000000000001,True,0.9,0.9755282581475768,0.0755282581475768,0.0013,0.028,"our probe, 2026-08-20; e1 includes prep error",published,0.027457719673110836,0.948070538474466,0.04807053847446596,True,0.9999994329130782,99.99994329130783,6.410124420692372e-14,True
emerald,5,190,10,1900,0.3,0.0016,6.04,True,0.9,0.9755282581475768,0.0755282581475768,0.0013,0.028,"our probe, 2026-08-20; e1 includes prep error",published,0.027457719673110836,0.948070538474466,0.04807053847446596,True,0.999999827651753,99.9999827651753,2.4036525209167055e-14,True
emerald,5,200,10,2000,0.3,0.0016,6.2,True,0.9,0.9755282581475768,0.0755282581475768,0.0013,0.028,"our probe, 2026-08-20; e1 includes prep error",published,0.027457719673110836,0.948070538474466,0.04807053847446596,True,0.9999999478422918,99.99999478422919,4.424089037714697e-15,True
emerald,5,210,10,2100,0.3,0.0016,6.36,True,0.9,0.9755282581475768,0.0755282581475768,0.0013,0.028,"our probe, 2026-08-20; e1 includes prep error",published,0.027457719673110836,0.948070538474466,0.04807053847446596,True,0.9999999842718259,99.99999842718259,8.150158323267378e-16,True
emerald,5,220,10,2200,0.3,0.0016,6.5200000000000005,True,0.9,0.9755282581475768,0.0755282581475768,0.0013,0.028,"our probe, 2026-08-20; e1 includes prep error",published,0.027457719673110836,0.948070538474466,0.04807053847446596,True,0.9999999952714955,99.99999952714955,1.502685847772175e-16,True
emerald,5,230,10,2300,0.3,0.0016,6.68,True,0.9,0.9755282581475768,0.0755282581475768,0.0013,0.028,"our probe, 2026-08-20; e1 includes prep error",published,0.027457719673110836,0.948070538474466,0.04807053847446596,True,0.9999999985820894,99.99999985820894,2.7727039762715684e-17,True
emerald,5,240,10,2400,0.3,0.0016,6.84,True,0.9,0.9755282581475768,0.0755282581475768,0.0013,0.028,"our probe, 2026-08-20; e1 includes prep error",published,0.027457719673110836,0.948070538474466,0.04807053847446596,True,0.9999999995757587,99.99999995757587,1.0441188776151517e-17,True
emerald,5,250,10,2500,0.3,0.0016,7.0,True,0.9,0.9755282581475768,0.0755282581475768,0.0013,0.028,"our probe, 2026-08-20; e1 includes prep error",published,0.027457719673110836,0.948070538474466,0.04807053847446596,True,0.9999999998733082,99.99999998733082,1.931819964030928e-18,True
emerald,5,260,10,2600,0.3,0.0016,7.16,True,0.9,0.9755282581475768,0.0755282581475768,0.0013,0.028,"our probe, 2026-08-20; e1 includes prep error",published,0.027457719673110836,0.948070538474466,0.04807053847446596,True,0.9999999999622283,99.99999999622283,3.576083982411948e-19,True
emerald,5,270,10,2700,0.3,0.0016,7.32,True,0.9,0.9755282581475768,0.0755282581475768,0.0013,0.028,"our probe, 2026-08-20; e1 includes prep error",published,0.027457719673110836,0.948070538474466,0.04807053847446596,True,0.999999999988755,99.9999999988755,6.623084947832344e-20,True
emerald,5,280,10,2800,0.3,0.0016,7.48,True,0.9,0.9755282581475768,0.0755282581475768,0.0013,0.028,"our probe, 2026-08-20; e1 includes prep error",published,0.027457719673110836,0.948070538474466,0.04807053847446596,True,0.9999999999966565,99.99999999966565,1.2271924500557328e-20,True
emerald,5,290,10,2900,0.3,0.0016,7.640000000000001,True,0.9,0.9755282581475768,0.0755282581475768,0.0013,0.028,"our probe, 2026-08-20; e1 includes prep error",published,0.027457719673110836,0.948070538474466,0.04807053847446596,True,0.9999999999994088,99.99999999994088,4.63406418445468e-21,True
emerald,5,300,10,3000,0.3,0.0016,7.800000000000001,True,0.9,0.9755282581475768,0.0755282581475768,0.0013,0.028,"our probe, 2026-08-20; e1 includes prep error",published,0.027457719673110836,0.948070538474466,0.04807053847446596,True,0.999999999999825,99.9999999999825,8.6037042443906e-22,True
emerald,7,10,14,140,0.3,0.0016,4.424,True,0.9285714285714286,0.9874639560909119,0.05889252751948326,0.0013,0.028,"our probe, 2026-08-20; e1 includes prep error",published,0.028146904895262836,0.959317051195649,0.030745622624220426,True,0.02069589705089214,2.069589705089214,0.12094326694111399,False
emerald,7,20,14,280,0.3,0.0016,4.648,True,0.9285714285714286,0.9874639560909119,0.05889252751948326,0.0013,0.028,"our probe, 2026-08-20; e1 includes prep error",published,0.028146904895262836,0.959317051195649,0.030745622624220426,True,0.11463795653753306,11.463795653753305,0.01806800343064281,False
emerald,7,30,14,420,0.3,0.0016,4.872,True,0.9285714285714286,0.9874639560909119,0.05889252751948326,0.0013,0.028,"our probe, 2026-08-20; e1 includes prep error",published,0.028146904895262836,0.959317051195649,0.030745622624220426,True,0.2688852570453166,26.888525704531656,0.0057738028666047955,False
emerald,7,40,14,560,0.3,0.0016,5.096,True,0.9285714285714286,0.9874639560909119,0.05889252751948326,0.0013,0.028,"our probe, 2026-08-20; e1 includes prep error",published,0.028146904895262836,0.959317051195649,0.030745622624220426,True,0.48901620163211346,48.90162016321135,0.001908186204974038,False
emerald,7,50,14,700,0.3,0.0016,5.32,True,0.9285714285714286,0.9874639560909119,0.05889252751948326,0.0013,0.028,"our probe, 2026-08-20; e1 includes prep error",published,0.028146904895262836,0.959317051195649,0.030745622624220426,True,0.659692016805385,65.9692016805385,0.00034718193507300715,True
emerald,7,60,14,840,0.3,0.0016,5.5440000000000005,True,0.9285714285714286,0.9874639560909119,0.05889252751948326,0.0013,0.028,"our probe, 2026-08-20; e1 includes prep error",published,0.028146904895262836,0.959317051195649,0.030745622624220426,True,0.7785580843319623,77.85580843319623,0.0001202378144012382,True
emerald,7,70,14,980,0.3,0.0016,5.768,True,0.9285714285714286,0.9874639560909119,0.05889252751948326,0.0013,0.028,"our probe, 2026-08-20; e1 includes prep error",published,0.028146904895262836,0.959317051195649,0.030745622624220426,True,0.8576112076048226,85.76112076048226,4.19348873882307e-05,True
emerald,7,80,14,1120,0.3,0.0016,5.992,True,0.9285714285714286,0.9874639560909119,0.05889252751948326,0.0013,0.028,"our probe, 2026-08-20; e1 includes prep error",published,0.028146904895262836,0.959317051195649,0.030745622624220426,True,0.909023021714383,90.9023021714383,1.4709650825138402e-05,True
emerald,7,90,14,1260,0.3,0.0016,6.216,True,0.9285714285714286,0.9874639560909119,0.05889252751948326,0.0013,0.028,"our probe, 2026-08-20; e1 includes prep error",published,0.028146904895262836,0.959317051195649,0.030745622624220426,True,0.9559774012710077,95.59774012710078,2.832129461295793e-06,True
emerald,7,100,14,1400,0.3,0.0016,6.4399999999999995,True,0.9285714285714286,0.9874639560909119,0.05889252751948326,0.0013,0.028,"our probe, 2026-08-20; e1 includes prep error",published,0.028146904895262836,0.959317051195649,0.030745622624220426,True,0.9722427146978847,97.22427146978848,1.0082987324206929e-06,True
emerald,7,110,14,1540,0.3,0.0016,6.664,True,0.9285714285714286,0.9874639560909119,0.05889252751948326,0.0013,0.028,"our probe, 2026-08-20; e1 includes prep error",published,0.028146904895262836,0.959317051195649,0.030745622624220426,True,0.9870361501563889,98.70361501563889,3.597914888744743e-07,True
emerald,7,120,14,1680,0.3,0.0016,6.888,True,0.9285714285714286,0.9874639560909119,0.05889252751948326,0.0013,0.028,"our probe, 2026-08-20; e1 includes prep error",published,0.028146904895262836,0.959317051195649,0.030745622624220426,True,0.9940595134526806,99.40595134526806,7.03314728472274e-08,True
emerald,7,130,14,1820,0.3,0.0016,7.112,True,0.9285714285714286,0.9874639560909119,0.05889252751948326,0.0013,0.028,"our probe, 2026-08-20; e1 includes prep error",published,0.028146904895262836,0.959317051195649,0.030745622624220426,True,0.9962724653295687,99.62724653295687,2.531461046886507e-08,True
emerald,7,140,14,1960,0.3,0.0016,7.336,True,0.9285714285714286,0.9874639560909119,0.05889252751948326,0.0013,0.028,"our probe, 2026-08-20; e1 includes prep error",published,0.028146904895262836,0.959317051195649,0.030745622624220426,True,0.9983166353440296,99.83166353440296,9.120744518447452e-09,True
emerald,7,150,14,2100,0.3,0.0016,7.5600000000000005,True,0.9285714285714286,0.9874639560909119,0.05889252751948326,0.0013,0.028,"our probe, 2026-08-20; e1 includes prep error",published,0.028146904895262836,0.959317051195649,0.030745622624220426,True,0.9992475542451592,99.92475542451592,1.799192022964768e-09,True
emerald,7,160,14,2240,0.3,0.0016,7.784000000000001,True,0.9285714285714286,0.9874639560909119,0.05889252751948326,0.0013,0.028,"our probe, 2026-08-20; e1 includes prep error",published,0.028146904895262836,0.959317051195649,0.030745622624220426,True,0.9996664167864766,99.96664167864766,6.519961399156271e-10,True
emerald,7,170,14,2380,0.3,0.0016,8.008000000000001,True,0.9285714285714286,0.9874639560909119,0.05889252751948326,0.0013,0.028,"our probe, 2026-08-20; e1 includes prep error",published,0.028146904895262836,0.959317051195649,0.030745622624220426,True,0.9997898780614545,99.97898780614545,2.363757098543197e-10,True
emerald,7,180,14,2520,0.3,0.0016,8.232000000000001,True,0.9285714285714286,0.9874639560909119,0.05889252751948326,0.0013,0.028,"our probe, 2026-08-20; e1 includes prep error",published,0.028146904895262836,0.959317051195649,0.030745622624220426,True,0.9999073193852626,99.99073193852625,8.573573945226876e-11,True
emerald,7,190,14,2660,0.3,0.0016,8.456,True,0.9285714285714286,0.9874639560909119,0.05889252751948326,0.0013,0.028,"our probe, 2026-08-20; e1 includes prep error",published,0.028146904895262836,0.959317051195649,0.030745622624220426,True,0.9999593344136387,99.99593344136387,1.7078847640673322e-11,True
emerald,7,200,14,2800,0.3,0.0016,8.68,True,0.9285714285714286,0.9874639560909119,0.05889252751948326,0.0013,0.028,"our probe, 2026-08-20; e1 includes prep error",published,0.028146904895262836,0.959317051195649,0.030745622624220426,True,0.9999822352695332,99.99822352695332,6.218681301866884e-12,True
emerald,7,210,14,2940,0.3,0.0016,8.904,True,0.9285714285714286,0.9874639560909119,0.05889252751948326,0.0013,0.028,"our probe, 2026-08-20; e1 includes prep error",published,0.028146904895262836,0.959317051195649,0.030745622624220426,True,0.9999922681584476,99.99922681584475,2.2647454150894568e-12,True
emerald,7,220,14,3080,0.3,0.0016,9.128,True,0.9285714285714286,0.9874639560909119,0.05889252751948326,0.0013,0.028,"our probe, 2026-08-20; e1 includes prep error",published,0.028146904895262836,0.959317051195649,0.030745622624220426,True,0.9999966453849299,99.999664538493,4.527858297204027e-13,True
emerald,7,230,14,3220,0.3,0.0016,9.351999999999999,True,0.9285714285714286,0.9874639560909119,0.05889252751948326,0.0013,0.028,"our probe, 2026-08-20; e1 includes prep error",published,0.028146904895262836,0.959317051195649,0.030745622624220426,True,0.9999985484350769,99.99985484350769,1.6539410106549421e-13,True
emerald,7,240,14,3360,0.3,0.0016,9.575999999999999,True,0.9285714285714286,0.9874639560909119,0.05889252751948326,0.0013,0.028,"our probe, 2026-08-20; e1 includes prep error",published,0.028146904895262836,0.959317051195649,0.030745622624220426,True,0.9999993733455294,99.99993733455294,6.041709769176024e-14,True
emerald,7,250,14,3500,0.3,0.0016,9.799999999999999,True,0.9285714285714286,0.9874639560909119,0.05889252751948326,0.0013,0.028,"our probe, 2026-08-20; e1 includes prep error",published,0.028146904895262836,0.959317051195649,0.030745622624220426,True,0.9999997300060703,99.99997300060703,1.2112462941408101e-14,True
emerald,7,260,14,3640,0.3,0.0016,10.024,True,0.9285714285714286,0.9874639560909119,0.05889252751948326,0.0013,0.028,"our probe, 2026-08-20; e1 includes prep error",published,0.028146904895262836,0.959317051195649,0.030745622624220426,True,0.9999999222734295,99.99999222734294,4.435320547480512e-15,True
emerald,7,270,14,3780,0.3,0.0016,10.248,True,0.9285714285714286,0.9874639560909119,0.05889252751948326,0.0013,0.028,"our probe, 2026-08-20; e1 includes prep error",published,0.028146904895262836,0.959317051195649,0.030745622624220426,True,0.9999999667210618,99.99999667210618,1.624011097191266e-15,True
emerald,7,280,14,3920,0.3,0.0016,10.472,True,0.9285714285714286,0.9874639560909119,0.05889252751948326,0.0013,0.028,"our probe, 2026-08-20; e1 includes prep error",published,0.028146904895262836,0.959317051195649,0.030745622624220426,True,0.9999999857671947,99.99999857671948,3.262904703719122e-16,True
emerald,7,290,14,4060,0.3,0.0016,10.696,True,0.9285714285714286,0.9874639560909119,0.05889252751948326,0.0013,0.028,"our probe, 2026-08-20; e1 includes prep error",published,0.028146904895262836,0.959317051195649,0.030745622624220426,True,0.999999993918758,99.9999993918758,1.1971284884155683e-16,True
emerald,7,300,14,4200,0.3,0.0016,10.92,True,0.9285714285714286,0.9874639560909119,0.05889252751948326,0.0013,0.028,"our probe, 2026-08-20; e1 includes prep error",published,0.028146904895262836,0.959317051195649,0.030745622624220426,True,0.9999999974038738,99.99999974038738,4.3916034151110354e-17,True
emerald,9,10,18,180,0.3,0.0016,5.688,True,0.9444444444444444,0.9924038765061041,0.047959432061659646,0.0013,0.028,"our probe, 2026-08-20; e1 includes prep error",published,0.028432143359315876,0.9639717331467882,0.01952728870234377,True,0.01046191057658031,1.0461910576580309,0.12302051235294902,False
emerald,9,20,18,360,0.3,0.0016,5.975999999999999,True,0.9444444444444444,0.9924038765061041,0.047959432061659646,0.0013,0.028,"our probe, 2026-08-20; e1 includes prep error",published,0.028432143359315876,0.9639717331467882,0.01952728870234377,True,0.051804505337847744,5.180450533784774,0.0608300656929128,False
emerald,9,30,18,540,0.3,0.0016,6.263999999999999,True,0.9444444444444444,0.9924038765061041,0.047959432061659646,0.0013,0.028,"our probe, 2026-08-20; e1 includes prep error",published,0.028432143359315876,0.9639717331467882,0.01952728870234377,True,0.12323469519985528,12.323469519985528,0.019189446205637343,False
emerald,9,40,18,720,0.3,0.0016,6.552,True,0.9444444444444444,0.9924038765061041,0.047959432061659646,0.0013,0.028,"our probe, 2026-08-20; e1 includes prep error",published,0.028432143359315876,0.9639717331467882,0.01952728870234377,True,0.25091039374340696,25.091039374340696,0.01051986660689751,False
emerald,9,50,18,900,0.3,0.0016,6.84,True,0.9444444444444444,0.9924038765061041,0.047959432061659646,0.0013,0.028,"our probe, 2026-08-20; e1 includes prep error",published,0.028432143359315876,0.9639717331467882,0.01952728870234377,True,0.37460501714373523,37.46050171437352,0.0035829736309514414,False
emerald,9,60,18,1080,0.3,0.0016,7.128,True,0.9444444444444444,0.9924038765061041,0.047959432061659646,0.0013,0.028,"our probe, 2026-08-20; e1 includes prep error",published,0.028432143359315876,0.9639717331467882,0.01952728870234377,True,0.48334318199482906,48.33431819948291,0.002025040315422148,False
emerald,9,70,18,1260,0.3,0.0016,7.4159999999999995,True,0.9444444444444444,0.9924038765061041,0.047959432061659646,0.0013,0.028,"our probe, 2026-08-20; e1 includes prep error",published,0.028432143359315876,0.9639717331467882,0.01952728870234377,True,0.5752050247479534,57.52050247479534,0.0007123047751370135,True
emerald,9,80,18,1440,0.3,0.0016,7.704,True,0.9444444444444444,0.9924038765061041,0.047959432061659646,0.0013,0.028,"our probe, 2026-08-20; e1 includes prep error",published,0.028432143359315876,0.9639717331467882,0.01952728870234377,True,0.6514235612116608,65.14235612116607,0.0004086617973307512,True
emerald,9,90,18,1620,0.3,0.0016,7.992,True,0.9444444444444444,0.9924038765061041,0.047959432061659646,0.0013,0.028,"our probe, 2026-08-20; e1 includes prep error",published,0.028432143359315876,0.9639717331467882,0.01952728870234377,True,0.7566307481872689,75.6630748187269,0.00014635800408775785,True
emerald,9,100,18,1800,0.3,0.0016,8.28,True,0.9444444444444444,0.9924038765061041,0.047959432061659646,0.0013,0.028,"our probe, 2026-08-20; e1 includes prep error",published,0.028432143359315876,0.9639717331467882,0.01952728870234377,True,0.8014846246062189,80.1484624606219,8.472503500369089e-05,True
emerald,9,110,18,1980,0.3,0.0016,8.568,True,0.9444444444444444,0.9924038765061041,0.047959432061659646,0.0013,0.028,"our probe, 2026-08-20; e1 includes prep error",published,0.028432143359315876,0.9639717331467882,0.01952728870234377,True,0.8647122668921118,86.47122668921118,3.069604400277165e-05,True
emerald,9,120,18,2160,0.3,0.0016,8.856,True,0.9444444444444444,0.9924038765061041,0.047959432061659646,0.0013,0.028,"our probe, 2026-08-20; e1 includes prep error",published,0.028432143359315876,0.9639717331467882,0.01952728870234377,True,0.889661818277891,88.9661818277891,1.78764111815298e-05,True
emerald,9,130,18,2340,0.3,0.0016,9.144,True,0.9444444444444444,0.9924038765061041,0.047959432061659646,0.0013,0.028,"our probe, 2026-08-20; e1 includes prep error",published,0.028432143359315876,0.9639717331467882,0.01952728870234377,True,0.92587794144293,92.587794144293,6.529089552843861e-06,True
emerald,9,140,18,2520,0.3,0.0016,9.432,True,0.9444444444444444,0.9924038765061041,0.047959432061659646,0.0013,0.028,"our probe, 2026-08-20; e1 includes prep error",published,0.028432143359315876,0.9639717331467882,0.01952728870234377,True,0.9507022862810525,95.07022862810524,3.8186924884427325e-06,True
emerald,9,150,18,2700,0.3,0.0016,9.72,True,0.9444444444444444,0.9924038765061041,0.047959432061659646,0.0013,0.028,"our probe, 2026-08-20; e1 includes prep error",published,0.028432143359315876,0.9639717331467882,0.01952728870234377,True,0.967472790365093,96.7472790365093,1.4030481589056766e-06,True
emerald,9,160,18,2880,0.3,0.0016,10.008000000000001,True,0.9444444444444444,0.9924038765061041,0.047959432061659646,0.0013,0.028,"our probe, 2026-08-20; e1 includes prep error",published,0.028432143359315876,0.9639717331467882,0.01952728870234377,True,0.9733664903007905,97.33664903007904,8.232595165956133e-07,True
emerald,9,170,18,3060,0.3,0.0016,10.296000000000001,True,0.9444444444444444,0.9924038765061041,0.047959432061659646,0.0013,0.028,"our probe, 2026-08-20; e1 includes prep error",published,0.028432143359315876,0.9639717331467882,0.01952728870234377,True,0.9825108340632791,98.25108340632791,3.0386703478842205e-07,True
emerald,9,180,18,3240,0.3,0.0016,10.584000000000001,True,0.9444444444444444,0.9924038765061041,0.047959432061659646,0.0013,0.028,"our probe, 2026-08-20; e1 includes prep error",published,0.028432143359315876,0.9639717331467882,0.01952728870234377,True,0.988573144800177,98.8573144800177,1.7874803762472008e-07,True
emerald,9,190,18,3420,0.3,0.0016,10.872,True,0.9444444444444444,0.9924038765061041,0.047959432061659646,0.0013,0.028,"our probe, 2026-08-20; e1 includes prep error",published,0.028432143359315876,0.9639717331467882,0.01952728870234377,True,0.9925652464164811,99.25652464164811,6.621651210206899e-08,True
emerald,9,200,18,3600,0.3,0.0016,11.16,True,0.9444444444444444,0.9924038765061041,0.047959432061659646,0.0013,0.028,"our probe, 2026-08-20; e1 includes prep error",published,0.028432143359315876,0.9639717331467882,0.01952728870234377,True,0.9951796213823338,99.51796213823339,3.903021944068419e-08,True
emerald,9,210,18,3780,0.3,0.0016,11.448,True,0.9444444444444444,0.9924038765061041,0.047959432061659646,0.0013,0.028,"our probe, 2026-08-20; e1 includes prep error",published,0.028432143359315876,0.9639717331467882,0.01952728870234377,True,0.9968839321936614,99.68839321936615,1.4501375208537165e-08,True
emerald,9,220,18,3960,0.3,0.0016,11.736,True,0.9444444444444444,0.9924038765061041,0.047959432061659646,0.0013,0.028,"our probe, 2026-08-20; e1 includes prep error",published,0.028432143359315876,0.9639717331467882,0.01952728870234377,True,0.9979907374455472,99.79907374455472,8.561759933523449e-09,True
emerald,9,230,18,4140,0.3,0.0016,12.024,True,0.9444444444444444,0.9924038765061041,0.047959432061659646,0.0013,0.028,"our probe, 2026-08-20; e1 includes prep error",published,0.028432143359315876,0.9639717331467882,0.01952728870234377,True,0.9987072065863684,99.87072065863684,3.1888588144952832e-09,True
emerald,9,240,18,4320,0.3,0.0016,12.312,True,0.9444444444444444,0.9924038765061041,0.047959432061659646,0.0013,0.028,"our probe, 2026-08-20; e1 includes prep error",published,0.028432143359315876,0.9639717331467882,0.01952728870234377,True,0.999169737084855,99.9169737084855,1.8853399511607338e-09,True
emerald,9,250,18,4500,0.3,0.0016,12.6,True,0.9444444444444444,0.9924038765061041,0.047959432061659646,0.0013,0.028,"our probe, 2026-08-20; e1 includes prep error",published,0.028432143359315876,0.9639717331467882,0.01952728870234377,True,0.9994676394394807,99.94676394394807,7.036532379172468e-10,True
emerald,9,260,18,4680,0.3,0.0016,12.888,True,0.9444444444444444,0.9924038765061041,0.047959432061659646,0.0013,0.028,"our probe, 2026-08-20; e1 includes prep error",published,0.028432143359315876,0.9639717331467882,0.01952728870234377,True,0.999659127536145,99.9659127536145,4.165068356566587e-10,True
emerald,9,270,18,4860,0.3,0.0016,13.176,True,0.9444444444444444,0.9924038765061041,0.047959432061659646,0.0013,0.028,"our probe, 2026-08-20; e1 includes prep error",published,0.028432143359315876,0.9639717331467882,0.01952728870234377,True,0.9997820024682362,99.97820024682362,1.5572463169572052e-10,True
emerald,9,280,18,5040,0.3,0.0016,13.464,True,0.9444444444444444,0.9924038765061041,0.047959432061659646,0.0013,0.028,"our probe, 2026-08-20; e1 includes prep error",published,0.028432143359315876,0.9639717331467882,0.01952728870234377,True,0.9998607321294827,99.98607321294827,9.22694252327743e-11,True
emerald,9,290,18,5220,0.3,0.0016,13.752,True,0.9444444444444444,0.9924038765061041,0.047959432061659646,0.0013,0.028,"our probe, 2026-08-20; e1 includes prep error",published,0.028432143359315876,0.9639717331467882,0.01952728870234377,True,0.9999325148182482,99.99325148182481,3.455056821999916e-11,True
emerald,9,300,18,5400,0.3,0.0016,14.040000000000001,True,0.9444444444444444,0.9924038765061041,0.047959432061659646,0.0013,0.028,"our probe, 2026-08-20; e1 includes prep error",published,0.028432143359315876,0.9639717331467882,0.01952728870234377,True,0.9999570575441512,99.99570575441513,2.04896739229956e-11,True
emerald,11,10,22,220,0.3,0.0016,6.952,True,0.9545454545454546,0.9949107209404663,0.0403652663950117,0.0013,0.028,"our probe, 2026-08-20; e1 includes prep error",published,0.028576892342291105,0.9663338285981752,0.011788374052720596,True,0.004631573820800804,0.4631573820800804,0.21394697456192155,False
emerald,11,20,22,440,0.3,0.0016,7.303999999999999,True,0.9545454545454546,0.9949107209404663,0.0403652663950117,0.0013,0.028,"our probe, 2026-08-20; e1 includes prep error",published,0.028576892342291105,0.9663338285981752,0.011788374052720596,True,0.018551133342184008,1.8551133342184007,0.15053762079743202,False
emerald,11,30,22,660,0.3,0.0016,7.656,True,0.9545454545454546,0.9949107209404663,0.0403652663950117,0.0013,0.028,"our probe, 2026-08-20; e1 includes prep error",published,0.028576892342291105,0.9663338285981752,0.011788374052720596,True,0.04095470736251027,4.095470736251027,0.07578092461876253,False
emerald,11,40,22,880,0.3,0.0016,8.008,True,0.9545454545454546,0.9949107209404663,0.0403652663950117,0.0013,0.028,"our probe, 2026-08-20; e1 includes prep error",published,0.028576892342291105,0.9663338285981752,0.011788374052720596,True,0.08710475951833861,8.71047595183386,0.05748123845216223,False
emerald,11,50,22,1100,0.3,0.0016,8.36,True,0.9545454545454546,0.9949107209404663,0.0403652663950117,0.0013,0.028,"our probe, 2026-08-20; e1 includes prep error",published,0.028576892342291105,0.9663338285981752,0.011788374052720596,True,0.13597047009591268,13.597047009591268,0.03096143266220556,False
emerald,11,60,22,1320,0.3,0.0016,8.712,True,0.9545454545454546,0.9949107209404663,0.0403652663950117,0.0013,0.028,"our probe, 2026-08-20; e1 includes prep error",published,0.028576892342291105,0.9663338285981752,0.011788374052720596,True,0.18336716291707272,18.336716291707273,0.016932061432824008,False
emerald,11,70,22,1540,0.3,0.0016,9.064,True,0.9545454545454546,0.9949107209404663,0.0403652663950117,0.0013,0.028,"our probe, 2026-08-20; e1 includes prep error",published,0.028576892342291105,0.9663338285981752,0.011788374052720596,True,0.22785625408038987,22.785625408038985,0.013320892016118713,False
emerald,11,80,22,1760,0.3,0.0016,9.416,True,0.9545454545454546,0.9949107209404663,0.0403652663950117,0.0013,0.028,"our probe, 2026-08-20; e1 includes prep error",published,0.028576892342291105,0.9663338285981752,0.011788374052720596,True,0.2690940983439889,26.90940983439889,0.00744392383563145,False
emerald,11,90,22,1980,0.3,0.0016,9.768,True,0.9545454545454546,0.9949107209404663,0.0403652663950117,0.0013,0.028,"our probe, 2026-08-20; e1 includes prep error",published,0.028576892342291105,0.9663338285981752,0.011788374052720596,True,0.3071608168418591,30.71608168418591,0.005893384464082274,False
emerald,11,100,22,2200,0.3,0.0016,10.12,True,0.9545454545454546,0.9949107209404663,0.0403652663950117,0.0013,0.028,"our probe, 2026-08-20; e1 includes prep error",published,0.028576892342291105,0.9663338285981752,0.011788374052720596,True,0.38726582333563925,38.726582333563925,0.0033380528046386385,False
emerald,11,110,22,2420,0.3,0.0016,10.472,True,0.9545454545454546,0.9949107209404663,0.0403652663950117,0.0013,0.028,"our probe, 2026-08-20; e1 includes prep error",published,0.028576892342291105,0.9663338285981752,0.011788374052720596,True,0.46327359020371256,46.327359020371254,0.0018973023292212863,False
emerald,11,120,22,2640,0.3,0.0016,10.824,True,0.9545454545454546,0.9949107209404663,0.0403652663950117,0.0013,0.028,"our probe, 2026-08-20; e1 includes prep error",published,0.028576892342291105,0.9663338285981752,0.011788374052720596,True,0.4903937950324563,49.03937950324563,0.0015172073722059276,False
emerald,11,130,22,2860,0.3,0.0016,11.176,True,0.9545454545454546,0.9949107209404663,0.0403652663950117,0.0013,0.028,"our probe, 2026-08-20; e1 includes prep error",published,0.028576892342291105,0.9663338285981752,0.011788374052720596,True,0.5563726363540179,55.63726363540179,0.0008692501709516003,True
emerald,11,140,22,3080,0.3,0.0016,11.528,True,0.9545454545454546,0.9949107209404663,0.0403652663950117,0.0013,0.028,"our probe, 2026-08-20; e1 includes prep error",published,0.028576892342291105,0.9663338285981752,0.011788374052720596,True,0.6159271299202842,61.59271299202842,0.0006964055171603484,True
emerald,11,150,22,3300,0.3,0.0016,11.88,True,0.9545454545454546,0.9949107209404663,0.0403652663950117,0.0013,0.028,"our probe, 2026-08-20; e1 includes prep error",published,0.028576892342291105,0.9663338285981752,0.011788374052720596,True,0.6336890840980961,63.36890840980961,0.0004013939822059173,True
emerald,11,160,22,3520,0.3,0.0016,12.232000000000001,True,0.9545454545454546,0.9949107209404663,0.0403652663950117,0.0013,0.028,"our probe, 2026-08-20; e1 includes prep error",published,0.028576892342291105,0.9663338285981752,0.011788374052720596,True,0.6837105989277064,68.37105989277063,0.0003220550013470933,True
emerald,11,170,22,3740,0.3,0.0016,12.584000000000001,True,0.9545454545454546,0.9949107209404663,0.0403652663950117,0.0013,0.028,"our probe, 2026-08-20; e1 includes prep error",published,0.028576892342291105,0.9663338285981752,0.011788374052720596,True,0.7278602918773038,72.78602918773038,0.00018650067992562747,True
emerald,11,180,22,3960,0.3,0.0016,12.936000000000002,True,0.9545454545454546,0.9949107209404663,0.0403652663950117,0.0013,0.028,"our probe, 2026-08-20; e1 includes prep error",published,0.028576892342291105,0.9663338285981752,0.011788374052720596,True,0.7665336137135396,76.65336137135395,0.0001080893670877252,True
emerald,11,190,22,4180,0.3,0.0016,13.288,True,0.9545454545454546,0.9949107209404663,0.0403652663950117,0.0013,0.028,"our probe, 2026-08-20; e1 includes prep error",published,0.028576892342291105,0.9663338285981752,0.011788374052720596,True,0.8002040117490183,80.02040117490183,8.708714587408264e-05,True
emerald,11,200,22,4400,0.3,0.0016,13.64,True,0.9545454545454546,0.9949107209404663,0.0403652663950117,0.0013,0.028,"our probe, 2026-08-20; e1 includes prep error",published,0.028576892342291105,0.9663338285981752,0.011788374052720596,True,0.8293736155172579,82.93736155172579,5.064873442757827e-05,True
emerald,11,210,22,4620,0.3,0.0016,13.992,True,0.9545454545454546,0.9949107209404663,0.0403652663950117,0.0013,0.028,"our probe, 2026-08-20; e1 includes prep error",published,0.028576892342291105,0.9663338285981752,0.011788374052720596,True,0.8545412612541312,85.45412612541313,4.0832939240269285e-05,True
emerald,11,220,22,4840,0.3,0.0016,14.344000000000001,True,0.9545454545454546,0.9949107209404663,0.0403652663950117,0.0013,0.028,"our probe, 2026-08-20; e1 includes prep error",published,0.028576892342291105,0.9663338285981752,0.011788374052720596,True,0.8761827916946519,87.61827916946518,2.381684579405312e-05,True
emerald,11,230,22,5060,0.3,0.0016,14.695999999999998,True,0.9545454545454546,0.9949107209404663,0.0403652663950117,0.0013,0.028,"our probe, 2026-08-20; e1 includes prep error",published,0.028576892342291105,0.9663338285981752,0.011788374052720596,True,0.8947398475587065,89.47398475587065,1.3895958115539079e-05,True
emerald,11,240,22,5280,0.3,0.0016,15.047999999999998,True,0.9545454545454546,0.9949107209404663,0.0403652663950117,0.0013,0.028,"our probe, 2026-08-20; e1 includes prep error",published,0.028576892342291105,0.9663338285981752,0.011788374052720596,True,0.9106143981424506,91.06143981424506,1.1233129157317881e-05,True
emerald,11,250,22,5500,0.3,0.0016,15.399999999999999,True,0.9545454545454546,0.9949107209404663,0.0403652663950117,0.0013,0.028,"our probe, 2026-08-20; e1 includes prep error",published,0.028576892342291105,0.9663338285981752,0.011788374052720596,True,0.9241670475152992,92.41670475152992,6.56913469829623e-06,True
emerald,11,260,22,5720,0.3,0.0016,15.751999999999999,True,0.9545454545454546,0.9949107209404663,0.0403652663950117,0.0013,0.028,"our probe, 2026-08-20; e1 includes prep error",published,0.028576892342291105,0.9663338285981752,0.011788374052720596,True,0.9357177381333563,93.57177381333564,5.311740450804609e-06,True
emerald,11,270,22,5940,0.3,0.0016,16.104,True,0.9545454545454546,0.9949107209404663,0.0403652663950117,0.0013,0.028,"our probe, 2026-08-20; e1 includes prep error",published,0.028576892342291105,0.9663338285981752,0.011788374052720596,True,0.9455478993848845,94.55478993848845,3.112511227074754e-06,True
emerald,11,280,22,6160,0.3,0.0016,16.456,True,0.9545454545454546,0.9949107209404663,0.0403652663950117,0.0013,0.028,"our probe, 2026-08-20; e1 includes prep error",published,0.028576892342291105,0.9663338285981752,0.011788374052720596,True,0.9539033934095444,95.39033934095444,1.8239583789266613e-06,True
emerald,11,290,22,6380,0.3,0.0016,16.808,True,0.9545454545454546,0.9949107209404663,0.0403652663950117,0.0013,0.028,"our probe, 2026-08-20; e1 includes prep error",published,0.028576892342291105,0.9663338285981752,0.011788374052720596,True,0.9609978263976025,96.09978263976025,1.4776688599217521e-06,True
emerald,11,300,22,6600,0.3,0.0016,17.16,True,0.9545454545454546,0.9949107209404663,0.0403652663950117,0.0013,0.028,"our probe, 2026-08-20; e1 includes prep error",published,0.028576892342291105,0.9663338285981752,0.011788374052720596,True,0.9670159447388986,96.70159447388986,8.673693859246984e-07,True
emerald,13,10,26,260,0.3,0.0016,8.216,True,0.9615384615384616,0.996354437049027,0.03481597551056548,0.0013,0.028,"our probe, 2026-08-20; e1 includes prep error",published,0.02866025469041067,0.9676941823586164,0.006155720820154809,True,0.001895770728243683,0.1895770728243683,0.32839196547709576,False
emerald,13,20,26,520,0.3,0.0016,8.632,True,0.9615384615384616,0.996354437049027,0.03481597551056548,0.0013,0.028,"our probe, 2026-08-20; e1 includes prep error",published,0.02866025469041067,0.9676941823586164,0.006155720820154809,True,0.00556616551233369,0.556616551233369,0.29254641829100425,False
emerald,13,30,26,780,0.3,0.0016,9.048,True,0.9615384615384616,0.996354437049027,0.03481597551056548,0.0013,0.028,"our probe, 2026-08-20; e1 includes prep error",published,0.02866025469041067,0.9676941823586164,0.006155720820154809,True,0.010308141559254795,1.0308141559254795,0.20334584755454413,False
emerald,13,40,26,1040,0.3,0.0016,9.464,True,0.9615384615384616,0.996354437049027,0.03481597551056548,0.0013,0.028,"our probe, 2026-08-20; e1 includes prep error",published,0.02866025469041067,0.9676941823586164,0.006155720820154809,True,0.020762702508775217,2.076270250877522,0.18888093447099166,False
emerald,13,50,26,1300,0.3,0.0016,9.88,True,0.9615384615384616,0.996354437049027,0.03481597551056548,0.0013,0.028,"our probe, 2026-08-20; e1 includes prep error",published,0.02866025469041067,0.9676941823586164,0.006155720820154809,True,0.030881673844408663,3.088167384440866,0.13862543663624016,False
emerald,13,60,26,1560,0.3,0.0016,10.296000000000001,True,0.9615384615384616,0.996354437049027,0.03481597551056548,0.0013,0.028,"our probe, 2026-08-20; e1 includes prep error",published,0.02866025469041067,0.9676941823586164,0.006155720820154809,True,0.039856118273317566,3.9856118273317565,0.10314979710110234,False
emerald,13,70,26,1820,0.3,0.0016,10.712,True,0.9615384615384616,0.996354437049027,0.03481597551056548,0.0013,0.028,"our probe, 2026-08-20; e1 includes prep error",published,0.02866025469041067,0.9676941823586164,0.006155720820154809,True,0.047557125298847126,4.755712529884713,0.09794672990036182,False
emerald,13,80,26,2080,0.3,0.0016,11.128,True,0.9615384615384616,0.996354437049027,0.03481597551056548,0.0013,0.028,"our probe, 2026-08-20; e1 includes prep error",published,0.02866025469041067,0.9676941823586164,0.006155720820154809,True,0.05407736898344629,5.407736898344629,0.07418522032474126,False
emerald,13,90,26,2340,0.3,0.0016,11.544,True,0.9615384615384616,0.996354437049027,0.03481597551056548,0.0013,0.028,"our probe, 2026-08-20; e1 includes prep error",published,0.02866025469041067,0.9676941823586164,0.006155720820154809,True,0.059567055318081645,5.956705531808164,0.07059281074580578,False
emerald,13,100,26,2600,0.3,0.0016,11.959999999999999,True,0.9615384615384616,0.996354437049027,0.03481597551056548,0.0013,0.028,"our probe, 2026-08-20; e1 includes prep error",published,0.02866025469041067,0.9676941823586164,0.006155720820154809,True,0.08021811205967057,8.021811205967056,0.0540805992815003,False
emerald,13,110,26,2860,0.3,0.0016,12.376,True,0.9615384615384616,0.996354437049027,0.03481597551056548,0.0013,0.028,"our probe, 2026-08-20; e1 includes prep error",published,0.02866025469041067,0.9676941823586164,0.006155720820154809,True,0.083892961241268,8.3892961241268,0.041578152850509954,False
emerald,13,120,26,3120,0.3,0.0016,12.792,True,0.9615384615384616,0.996354437049027,0.03481597551056548,0.0013,0.028,"our probe, 2026-08-20; e1 includes prep error",published,0.02866025469041067,0.9676941823586164,0.006155720820154809,True,0.10483550573935406,10.483550573935405,0.0398020903812327,False
emerald,13,130,26,3380,0.3,0.0016,13.208,True,0.9615384615384616,0.996354437049027,0.03481597551056548,0.0013,0.028,"our probe, 2026-08-20; e1 includes prep error",published,0.02866025469041067,0.9676941823586164,0.006155720820154809,True,0.126590298826511,12.6590298826511,0.030810809164977995,False
emerald,13,140,26,3640,0.3,0.0016,13.624,True,0.9615384615384616,0.996354437049027,0.03481597551056548,0.0013,0.028,"our probe, 2026-08-20; e1 includes prep error",published,0.02866025469041067,0.9676941823586164,0.006155720820154809,True,0.12748018201232003,12.748018201232004,0.02950285666885925,False
emerald,13,150,26,3900,0.3,0.0016,14.040000000000001,True,0.9615384615384616,0.996354437049027,0.03481597551056548,0.0013,0.028,"our probe, 2026-08-20; e1 includes prep error",published,0.02866025469041067,0.9676941823586164,0.006155720820154809,True,0.1486201921664331,14.86201921664331,0.022958876676394572,False
emerald,13,160,26,4160,0.3,0.0016,14.456000000000001,True,0.9615384615384616,0.996354437049027,0.03481597551056548,0.0013,0.028,"our probe, 2026-08-20; e1 includes prep error",published,0.02866025469041067,0.9676941823586164,0.006155720820154809,True,0.1700038320898124,17.00038320898124,0.017892463743819163,False
emerald,13,170,26,4420,0.3,0.0016,14.872000000000002,True,0.9615384615384616,0.996354437049027,0.03481597551056548,0.0013,0.028,"our probe, 2026-08-20; e1 includes prep error",published,0.02866025469041067,0.9676941823586164,0.006155720820154809,True,0.19145199709691124,19.145199709691124,0.017184643924614863,False
emerald,13,180,26,4680,0.3,0.0016,15.288000000000002,True,0.9615384615384616,0.996354437049027,0.03481597551056548,0.0013,0.028,"our probe, 2026-08-20; e1 includes prep error",published,0.02866025469041067,0.9676941823586164,0.006155720820154809,True,0.21282332663742548,21.282332663742547,0.013443179519975175,False
emerald,13,190,26,4940,0.3,0.0016,15.703999999999999,True,0.9615384615384616,0.996354437049027,0.03481597551056548,0.0013,0.028,"our probe, 2026-08-20; e1 includes prep error",published,0.02866025469041067,0.9676941823586164,0.006155720820154809,True,0.23400732067595786,23.400732067595786,0.01291014431309565,False
emerald,13,200,26,5200,0.3,0.0016,16.12,True,0.9615384615384616,0.996354437049027,0.03481597551056548,0.0013,0.028,"our probe, 2026-08-20; e1 includes prep error",published,0.02866025469041067,0.9676941823586164,0.006155720820154809,True,0.25491849546778683,25.491849546778685,0.010131028965633252,False
emerald,13,210,26,5460,0.3,0.0016,16.536,True,0.9615384615384616,0.996354437049027,0.03481597551056548,0.0013,0.028,"our probe, 2026-08-20; e1 includes prep error",published,0.02866025469041067,0.9676941823586164,0.006155720820154809,True,0.2754915354339105,27.549153543391046,0.007955731970717863,False
emerald,13,220,26,5720,0.3,0.0016,16.952,True,0.9615384615384616,0.996354437049027,0.03481597551056548,0.0013,0.028,"our probe, 2026-08-20; e1 includes prep error",published,0.02866025469041067,0.9676941823586164,0.006155720820154809,True,0.2956773261042739,29.567732610427388,0.00765482105191128,False
emerald,13,230,26,5980,0.3,0.0016,17.368,True,0.9615384615384616,0.996354437049027,0.03481597551056548,0.0013,0.028,"our probe, 2026-08-20; e1 includes prep error",published,0.02866025469041067,0.9676941823586164,0.006155720820154809,True,0.31543973440535944,31.543973440535943,0.006025962362043571,False
emerald,13,240,26,6240,0.3,0.0016,17.784,True,0.9615384615384616,0.996354437049027,0.03481597551056548,0.0013,0.028,"our probe, 2026-08-20; e1 includes prep error",published,0.02866025469041067,0.9676941823586164,0.006155720820154809,True,0.3347530079443281,33.47530079443281,0.005796885302034781,False
emerald,13,250,26,6500,0.3,0.0016,18.2,True,0.9615384615384616,0.996354437049027,0.03481597551056548,0.0013,0.028,"our probe, 2026-08-20; e1 includes prep error",published,0.02866025469041067,0.9676941823586164,0.006155720820154809,True,0.353599679606866,35.3599679606866,0.004573043208443603,False
emerald,13,260,26,6760,0.3,0.0016,18.616,True,0.9615384615384616,0.996354437049027,0.03481597551056548,0.0013,0.028,"our probe, 2026-08-20; e1 includes prep error",published,0.02866025469041067,0.9676941823586164,0.006155720820154809,True,0.3719688813420541,37.19688813420541,0.0036088492059725102,False
emerald,13,270,26,7020,0.3,0.0016,19.032,True,0.9615384615384616,0.996354437049027,0.03481597551056548,0.0013,0.028,"our probe, 2026-08-20; e1 includes prep error",published,0.02866025469041067,0.9676941823586164,0.006155720820154809,True,0.3898549875534081,38.98549875534081,0.003476338925504845,False
emerald,13,280,26,7280,0.3,0.0016,19.448,True,0.9615384615384616,0.996354437049027,0.03481597551056548,0.0013,0.028,"our probe, 2026-08-20; e1 includes prep error",published,0.02866025469041067,0.9676941823586164,0.006155720820154809,True,0.40725652348562336,40.725652348562335,0.002748165946150618,False
emerald,13,290,26,7540,0.3,0.0016,19.864,True,0.9615384615384616,0.996354437049027,0.03481597551056548,0.0013,0.028,"our probe, 2026-08-20; e1 includes prep error",published,0.02866025469041067,0.9676941823586164,0.006155720820154809,True,0.42417528626071804,42.41752862607181,0.0026466534490622597,False
emerald,13,300,26,7800,0.3,0.0016,20.28,False,0.9615384615384616,0.996354437049027,0.03481597551056548,0.0013,0.028,"our probe, 2026-08-20; e1 includes prep error",published,0.02866025469041067,0.9676941823586164,0.006155720820154809,True,0.4406156368114522,44.06156368114522,0.002095506186782877,False
emerald,15,10,30,300,0.3,0.0016,9.48,True,0.9666666666666667,0.9972609476841365,0.03059428101746986,0.0013,0.028,"our probe, 2026-08-20; e1 includes prep error",published,0.028712597983312937,0.9685483497008236,0.0018816830341569224,True,0.0007370084939182942,0.07370084939182941,0.45580412816221355,False
emerald,15,20,30,600,0.3,0.0016,9.959999999999999,True,0.9666666666666667,0.9972609476841365,0.03059428101746986,0.0013,0.028,"our probe, 2026-08-20; e1 includes prep error",published,0.028712597983312937,0.9685483497008236,0.0018816830341569224,True,0.001453080668211393,0.14530806682113928,0.46874754564616916,False
emerald,15,30,30,900,0.3,0.0016,10.44,True,0.9666666666666667,0.9972609476841365,0.03059428101746986,0.0013,0.028,"our probe, 2026-08-20; e1 includes prep error",published,0.028712597983312937,0.9685483497008236,0.0018816830341569224,True,0.0020513191286919454,0.20513191286919452,0.4006912940974738,False
emerald,15,40,30,1200,0.3,0.0016,10.92,True,0.9666666666666667,0.9972609476841365,0.03059428101746986,0.0013,0.028,"our probe, 2026-08-20; e1 includes prep error",published,0.028712597983312937,0.9685483497008236,0.0018816830341569224,True,0.0035385944429767013,0.35385944429767013,0.4139333883688532,False
emerald,15,50,30,1500,0.3,0.0016,11.4,True,0.9666666666666667,0.9972609476841365,0.03059428101746986,0.0013,0.028,"our probe, 2026-08-20; e1 includes prep error",published,0.028712597983312937,0.9685483497008236,0.0018816830341569224,True,0.002719920519295984,0.2719920519295984,0.3669599313491973,False
emerald,15,60,30,1800,0.3,0.0016,11.88,True,0.9666666666666667,0.9972609476841365,0.03059428101746986,0.0013,0.028,"our probe, 2026-08-20; e1 includes prep error",published,0.028712597983312937,0.9685483497008236,0.0018816830341569224,True,0.003227944440983757,0.3227944440983757,0.3783251615698983,False
emerald,15,70,30,2100,0.3,0.0016,12.36,True,0.9666666666666667,0.9972609476841365,0.03059428101746986,0.0013,0.028,"our probe, 2026-08-20; e1 includes prep error",published,0.028712597983312937,0.9685483497008236,0.0018816830341569224,True,0.005272453544676755,0.5272453544676755,0.34095405733135353,False
emerald,15,80,30,2400,0.3,0.0016,12.84,True,0.9666666666666667,0.9972609476841365,0.03059428101746986,0.0013,0.028,"our probe, 2026-08-20; e1 includes prep error",published,0.028712597983312937,0.9685483497008236,0.0018816830341569224,True,0.005232622681666929,0.5232622681666929,0.30904439382105686,False
emerald,15,90,30,2700,0.3,0.0016,13.32,True,0.9666666666666667,0.9972609476841365,0.03059428101746986,0.0013,0.028,"our probe, 2026-08-20; e1 includes prep error",published,0.028712597983312937,0.9685483497008236,0.0018816830341569224,True,0.005043060202829485,0.5043060202829486,0.3193337912469988,False
emerald,15,100,30,3000,0.3,0.0016,13.799999999999999,True,0.9666666666666667,0.9972609476841365,0.03059428101746986,0.0013,0.028,"our probe, 2026-08-20; e1 includes prep error",published,0.028712597983312937,0.9685483497008236,0.0018816830341569224,True,0.006606029449217352,0.6606029449217352,0.29168464687928664,False
emerald,15,110,30,3300,0.3,0.0016,14.28,True,0.9666666666666667,0.9972609476841365,0.03059428101746986,0.0013,0.028,"our probe, 2026-08-20; e1 includes prep error",published,0.028712597983312937,0.9685483497008236,0.0018816830341569224,True,0.00606842744376804,0.606842744376804,0.3006567316478956,False
emerald,15,120,30,3600,0.3,0.0016,14.76,True,0.9666666666666667,0.9972609476841365,0.03059428101746986,0.0013,0.028,"our probe, 2026-08-20; e1 includes prep error",published,0.028712597983312937,0.9685483497008236,0.0018816830341569224,True,0.007396828464643131,0.739682846464313,0.27615846893420887,False
emerald,15,130,30,3900,0.3,0.0016,15.24,True,0.9666666666666667,0.9972609476841365,0.03059428101746986,0.0013,0.028,"our probe, 2026-08-20; e1 includes prep error",published,0.028712597983312937,0.9685483497008236,0.0018816830341569224,True,0.008719351605562352,0.8719351605562352,0.2841412992468633,False
emerald,15,140,30,4200,0.3,0.0016,15.72,True,0.9666666666666667,0.9972609476841365,0.03059428101746986,0.0013,0.028,"our probe, 2026-08-20; e1 includes prep error",published,0.028712597983312937,0.9685483497008236,0.0018816830341569224,True,0.007746457910053036,0.7746457910053036,0.2621036822948965,False
emerald,15,150,30,4500,0.3,0.0016,16.200000000000003,True,0.9666666666666667,0.9972609476841365,0.03059428101746986,0.0013,0.028,"our probe, 2026-08-20; e1 includes prep error",published,0.028712597983312937,0.9685483497008236,0.0018816830341569224,True,0.00883393978189454,0.883393978189454,0.26930597757514535,False
emerald,15,160,30,4800,0.3,0.0016,16.68,True,0.9666666666666667,0.9972609476841365,0.03059428101746986,0.0013,0.028,"our probe, 2026-08-20; e1 includes prep error",published,0.028712597983312937,0.9685483497008236,0.0018816830341569224,True,0.009890198464131014,0.9890198464131015,0.24926349711539558,False
emerald,15,170,30,5100,0.3,0.0016,17.160000000000004,True,0.9666666666666667,0.9972609476841365,0.03059428101746986,0.0013,0.028,"our probe, 2026-08-20; e1 includes prep error",published,0.028712597983312937,0.9685483497008236,0.0018816830341569224,True,0.010907053434143176,1.0907053434143177,0.23097790878955216,False
emerald,15,180,30,5400,0.3,0.0016,17.64,True,0.9666666666666667,0.9972609476841365,0.03059428101746986,0.0013,0.028,"our probe, 2026-08-20; e1 includes prep error",published,0.028712597983312937,0.9685483497008236,0.0018816830341569224,True,0.01187901952622917,1.187901952622917,0.2374483981447087,False
emerald,15,190,30,5700,0.3,0.0016,18.12,True,0.9666666666666667,0.9972609476841365,0.03059428101746986,0.0013,0.028,"our probe, 2026-08-20; e1 includes prep error",published,0.028712597983312937,0.9685483497008236,0.0018816830341569224,True,0.012802673704736036,1.2802673704736036,0.22058315733507702,False
emerald,15,200,30,6000,0.3,0.0016,18.6,True,0.9666666666666667,0.9972609476841365,0.03059428101746986,0.0013,0.028,"our probe, 2026-08-20; e1 includes prep error",published,0.028712597983312937,0.9685483497008236,0.0018816830341569224,True,0.01367615207226227,1.3676152072262269,0.2265137844096344,False
emerald,15,210,30,6300,0.3,0.0016,19.080000000000002,True,0.9666666666666667,0.9972609476841365,0.03059428101746986,0.0013,0.028,"our probe, 2026-08-20; e1 includes prep error",published,0.028712597983312937,0.9685483497008236,0.0018816830341569224,True,0.014498756360048366,1.4498756360048366,0.2108749226608552,False
emerald,15,220,30,6600,0.3,0.0016,19.560000000000002,True,0.9666666666666667,0.9972609476841365,0.03059428101746986,0.0013,0.028,"our probe, 2026-08-20; e1 includes prep error",published,0.028712597983312937,0.9685483497008236,0.0018816830341569224,True,0.015270649100200371,1.527064910020037,0.21634625770225857,False
emerald,15,230,30,6900,0.3,0.0016,20.04,False,0.9666666666666667,0.9972609476841365,0.03059428101746986,0.0013,0.028,"our probe, 2026-08-20; e1 includes prep error",published,0.028712597983312937,0.9685483497008236,0.0018816830341569224,True,0.015992619105558374,1.5992619105558374,0.20178058796461165,False
emerald,15,240,30,7200,0.3,0.0016,20.52,False,0.9666666666666667,0.9972609476841365,0.03059428101746986,0.0013,0.028,"our probe, 2026-08-20; e1 includes prep error",published,0.028712597983312937,0.9685483497008236,0.0018816830341569224,True,0.016665901966797125,1.6665901966797125,0.18829054447648888,False
emerald,15,250,30,7500,0.3,0.0016,21.0,False,0.9666666666666667,0.9972609476841365,0.03059428101746986,0.0013,0.028,"our probe, 2026-08-20; e1 includes prep error",published,0.028712597983312937,0.9685483497008236,0.0018816830341569224,True,0.017292043262013435,1.7292043262013435,0.19323868711163453,False
emerald,15,260,30,7800,0.3,0.0016,21.48,False,0.9666666666666667,0.9972609476841365,0.03059428101746986,0.0013,0.028,"our probe, 2026-08-20; e1 includes prep error",published,0.028712597983312937,0.9685483497008236,0.0018816830341569224,True,0.01787279475737286,1.787279475737286,0.18059125375511859,False
emerald,15,270,30,8100,0.3,0.0016,21.96,False,0.9666666666666667,0.9972609476841365,0.03059428101746986,0.0013,0.028,"our probe, 2026-08-20; e1 includes prep error",published,0.028712597983312937,0.9685483497008236,0.0018816830341569224,True,0.018410036016056862,1.841003601605686,0.18519680410211495,False
emerald,15,280,30,8400,0.3,0.0016,22.44,False,0.9666666666666667,0.9972609476841365,0.03059428101746986,0.0013,0.028,"our probe, 2026-08-20; e1 includes prep error",published,0.028712597983312937,0.9685483497008236,0.0018816830341569224,True,0.01890571554042113,1.890571554042113,0.1733073106707075,False
emerald,15,290,30,8700,0.3,0.0016,22.92,False,0.9666666666666667,0.9972609476841365,0.03059428101746986,0.0013,0.028,"our probe, 2026-08-20; e1 includes prep error",published,0.028712597983312937,0.9685483497008236,0.0018816830341569224,True,0.019361806897732318,1.9361806897732319,0.17760988300903607,False
emerald,15,300,30,9000,0.3,0.0016,23.400000000000002,False,0.9666666666666667,0.9972609476841365,0.03059428101746986,0.0013,0.028,"our probe, 2026-08-20; e1 includes prep error",published,0.028712597983312937,0.9685483497008236,0.0018816830341569224,True,0.019780276346082527,1.9780276346082526,0.16640667427076228,False
emerald,17,10,34,340,0.3,0.0016,10.744,True,0.9705882352941176,0.9978670881475172,0.027278852853399593,0.0013,0.028,"our probe, 2026-08-20; e1 includes prep error",published,0.02874759744894062,0.9691194906985766,-0.0014687445955410272,False,0.0,0.0,1.0,False
emerald,17,20,34,680,0.3,0.0016,11.287999999999998,True,0.9705882352941176,0.9978670881475172,0.027278852853399593,0.0013,0.028,"our probe, 2026-08-20; e1 includes prep error",published,0.02874759744894062,0.9691194906985766,-0.0014687445955410272,False,0.0,0.0,1.0,False
emerald,17,30,34,1020,0.3,0.0016,11.831999999999999,True,0.9705882352941176,0.9978670881475172,0.027278852853399593,0.0013,0.028,"our probe, 2026-08-20; e1 includes prep error",published,0.02874759744894062,0.9691194906985766,-0.0014687445955410272,False,0.0,0.0,1.0,False
emerald,17,40,34,1360,0.3,0.0016,12.376,True,0.9705882352941176,0.9978670881475172,0.027278852853399593,0.0013,0.028,"our probe, 2026-08-20; e1 includes prep error",published,0.02874759744894062,0.9691194906985766,-0.0014687445955410272,False,0.0,0.0,1.0,False
emerald,17,50,34,1700,0.3,0.0016,12.92,True,0.9705882352941176,0.9978670881475172,0.027278852853399593,0.0013,0.028,"our probe, 2026-08-20; e1 includes prep error",published,0.02874759744894062,0.9691194906985766,-0.0014687445955410272,False,0.0,0.0,1.0,False
emerald,17,60,34,2040,0.3,0.0016,13.464,True,0.9705882352941176,0.9978670881475172,0.027278852853399593,0.0013,0.028,"our probe, 2026-08-20; e1 includes prep error",published,0.02874759744894062,0.9691194906985766,-0.0014687445955410272,False,0.0,0.0,1.0,False
emerald,17,70,34,2380,0.3,0.0016,14.008,True,0.9705882352941176,0.9978670881475172,0.027278852853399593,0.0013,0.028,"our probe, 2026-08-20; e1 includes prep error",published,0.02874759744894062,0.9691194906985766,-0.0014687445955410272,False,0.0,0.0,1.0,False
emerald,17,80,34,2720,0.3,0.0016,14.552,True,0.9705882352941176,0.9978670881475172,0.027278852853399593,0.0013,0.028,"our probe, 2026-08-20; e1 includes prep error",published,0.02874759744894062,0.9691194906985766,-0.0014687445955410272,False,0.0,0.0,1.0,False
emerald,17,90,34,3060,0.3,0.0016,15.096,True,0.9705882352941176,0.9978670881475172,0.027278852853399593,0.0013,0.028,"our probe, 2026-08-20; e1 includes prep error",published,0.02874759744894062,0.9691194906985766,-0.0014687445955410272,False,0.0,0.0,1.0,False
emerald,17,100,34,3400,0.3,0.0016,15.639999999999999,True,0.9705882352941176,0.9978670881475172,0.027278852853399593,0.0013,0.028,"our probe, 2026-08-20; e1 includes prep error",published,0.02874759744894062,0.9691194906985766,-0.0014687445955410272,False,0.0,0.0,1.0,False
emerald,17,110,34,3740,0.3,0.0016,16.183999999999997,True,0.9705882352941176,0.9978670881475172,0.027278852853399593,0.0013,0.028,"our probe, 2026-08-20; e1 includes prep error",published,0.02874759744894062,0.9691194906985766,-0.0014687445955410272,False,0.0,0.0,1.0,False
emerald,17,120,34,4080,0.3,0.0016,16.728,True,0.9705882352941176,0.9978670881475172,0.027278852853399593,0.0013,0.028,"our probe, 2026-08-20; e1 includes prep error",published,0.02874759744894062,0.9691194906985766,-0.0014687445955410272,False,0.0,0.0,1.0,False
emerald,17,130,34,4420,0.3,0.0016,17.272,True,0.9705882352941176,0.9978670881475172,0.027278852853399593,0.0013,0.028,"our probe, 2026-08-20; e1 includes prep error",published,0.02874759744894062,0.9691194906985766,-0.0014687445955410272,False,0.0,0.0,1.0,False
emerald,17,140,34,4760,0.3,0.0016,17.816000000000003,True,0.9705882352941176,0.9978670881475172,0.027278852853399593,0.0013,0.028,"our probe, 2026-08-20; e1 includes prep error",published,0.02874759744894062,0.9691194906985766,-0.0014687445955410272,False,0.0,0.0,1.0,False
emerald,17,150,34,5100,0.3,0.0016,18.36,True,0.9705882352941176,0.9978670881475172,0.027278852853399593,0.0013,0.028,"our probe, 2026-08-20; e1 includes prep error",published,0.02874759744894062,0.9691194906985766,-0.0014687445955410272,False,0.0,0.0,1.0,False
emerald,17,160,34,5440,0.3,0.0016,18.904000000000003,True,0.9705882352941176,0.9978670881475172,0.027278852853399593,0.0013,0.028,"our probe, 2026-08-20; e1 includes prep error",published,0.02874759744894062,0.9691194906985766,-0.0014687445955410272,False,0.0,0.0,1.0,False
emerald,17,170,34,5780,0.3,0.0016,19.448,True,0.9705882352941176,0.9978670881475172,0.027278852853399593,0.0013,0.028,"our probe, 2026-08-20; e1 includes prep error",published,0.02874759744894062,0.9691194906985766,-0.0014687445955410272,False,0.0,0.0,1.0,False
emerald,17,180,34,6120,0.3,0.0016,19.992000000000004,True,0.9705882352941176,0.9978670881475172,0.027278852853399593,0.0013,0.028,"our probe, 2026-08-20; e1 includes prep error",published,0.02874759744894062,0.9691194906985766,-0.0014687445955410272,False,0.0,0.0,1.0,False
emerald,17,190,34,6460,0.3,0.0016,20.535999999999998,False,0.9705882352941176,0.9978670881475172,0.027278852853399593,0.0013,0.028,"our probe, 2026-08-20; e1 includes prep error",published,0.02874759744894062,0.9691194906985766,-0.0014687445955410272,False,0.0,0.0,1.0,False
emerald,17,200,34,6800,0.3,0.0016,21.08,False,0.9705882352941176,0.9978670881475172,0.027278852853399593,0.0013,0.028,"our probe, 2026-08-20; e1 includes prep error",published,0.02874759744894062,0.9691194906985766,-0.0014687445955410272,False,0.0,0.0,1.0,False
emerald,17,210,34,7140,0.3,0.0016,21.624,False,0.9705882352941176,0.9978670881475172,0.027278852853399593,0.0013,0.028,"our probe, 2026-08-20; e1 includes prep error",published,0.02874759744894062,0.9691194906985766,-0.0014687445955410272,False,0.0,0.0,1.0,False
emerald,17,220,34,7480,0.3,0.0016,22.168,False,0.9705882352941176,0.9978670881475172,0.027278852853399593,0.0013,0.028,"our probe, 2026-08-20; e1 includes prep error",published,0.02874759744894062,0.9691194906985766,-0.0014687445955410272,False,0.0,0.0,1.0,False
emerald,17,230,34,7820,0.3,0.0016,22.711999999999996,False,0.9705882352941176,0.9978670881475172,0.027278852853399593,0.0013,0.028,"our probe, 2026-08-20; e1 includes prep error",published,0.02874759744894062,0.9691194906985766,-0.0014687445955410272,False,0.0,0.0,1.0,False
emerald,17,240,34,8160,0.3,0.0016,23.255999999999997,False,0.9705882352941176,0.9978670881475172,0.027278852853399593,0.0013,0.028,"our probe, 2026-08-20; e1 includes prep error",published,0.02874759744894062,0.9691194906985766,-0.0014687445955410272,False,0.0,0.0,1.0,False
emerald,17,250,34,8500,0.3,0.0016,23.799999999999997,False,0.9705882352941176,0.9978670881475172,0.027278852853399593,0.0013,0.028,"our probe, 2026-08-20; e1 includes prep error",published,0.02874759744894062,0.9691194906985766,-0.0014687445955410272,False,0.0,0.0,1.0,False
emerald,17,260,34,8840,0.3,0.0016,24.343999999999998,False,0.9705882352941176,0.9978670881475172,0.027278852853399593,0.0013,0.028,"our probe, 2026-08-20; e1 includes prep error",published,0.02874759744894062,0.9691194906985766,-0.0014687445955410272,False,0.0,0.0,1.0,False
emerald,17,270,34,9180,0.3,0.0016,24.887999999999998,False,0.9705882352941176,0.9978670881475172,0.027278852853399593,0.0013,0.028,"our probe, 2026-08-20; e1 includes prep error",published,0.02874759744894062,0.9691194906985766,-0.0014687445955410272,False,0.0,0.0,1.0,False
emerald,17,280,34,9520,0.3,0.0016,25.432,False,0.9705882352941176,0.9978670881475172,0.027278852853399593,0.0013,0.028,"our probe, 2026-08-20; e1 includes prep error",published,0.02874759744894062,0.9691194906985766,-0.0014687445955410272,False,0.0,0.0,1.0,False
emerald,17,290,34,9860,0.3,0.0016,25.976,False,0.9705882352941176,0.9978670881475172,0.027278852853399593,0.0013,0.028,"our probe, 2026-08-20; e1 includes prep error",published,0.02874759744894062,0.9691194906985766,-0.0014687445955410272,False,0.0,0.0,1.0,False
emerald,17,300,34,10200,0.3,0.0016,26.52,False,0.9705882352941176,0.9978670881475172,0.027278852853399593,0.0013,0.028,"our probe, 2026-08-20; e1 includes prep error",published,0.02874759744894062,0.9691194906985766,-0.0014687445955410272,False,0.0,0.0,1.0,False
emerald,19,10,38,380,0.3,0.0016,12.008000000000001,True,0.9736842105263158,0.9982922465033349,0.024608035977019105,0.0013,0.028,"our probe, 2026-08-20; e1 includes prep error",published,0.028772146734394655,0.9695200997689403,-0.00416411075737555,False,0.0,0.0,1.0,False
emerald,19,20,38,760,0.3,0.0016,12.615999999999998,True,0.9736842105263158,0.9982922465033349,0.024608035977019105,0.0013,0.028,"our probe, 2026-08-20; e1 includes prep error",published,0.028772146734394655,0.9695200997689403,-0.00416411075737555,False,0.0,0.0,1.0,False
emerald,19,30,38,1140,0.3,0.0016,13.223999999999998,True,0.9736842105263158,0.9982922465033349,0.024608035977019105,0.0013,0.028,"our probe, 2026-08-20; e1 includes prep error",published,0.028772146734394655,0.9695200997689403,-0.00416411075737555,False,0.0,0.0,1.0,False
emerald,19,40,38,1520,0.3,0.0016,13.831999999999999,True,0.9736842105263158,0.9982922465033349,0.024608035977019105,0.0013,0.028,"our probe, 2026-08-20; e1 includes prep error",published,0.028772146734394655,0.9695200997689403,-0.00416411075737555,False,0.0,0.0,1.0,False
emerald,19,50,38,1900,0.3,0.0016,14.44,True,0.9736842105263158,0.9982922465033349,0.024608035977019105,0.0013,0.028,"our probe, 2026-08-20; e1 includes prep error",published,0.028772146734394655,0.9695200997689403,-0.00416411075737555,False,0.0,0.0,1.0,False
emerald,19,60,38,2280,0.3,0.0016,15.048,True,0.9736842105263158,0.9982922465033349,0.024608035977019105,0.0013,0.028,"our probe, 2026-08-20; e1 includes prep error",published,0.028772146734394655,0.9695200997689403,-0.00416411075737555,False,0.0,0.0,1.0,False
emerald,19,70,38,2660,0.3,0.0016,15.655999999999999,True,0.9736842105263158,0.9982922465033349,0.024608035977019105,0.0013,0.028,"our probe, 2026-08-20; e1 includes prep error",published,0.028772146734394655,0.9695200997689403,-0.00416411075737555,False,0.0,0.0,1.0,False
emerald,19,80,38,3040,0.3,0.0016,16.264,True,0.9736842105263158,0.9982922465033349,0.024608035977019105,0.0013,0.028,"our probe, 2026-08-20; e1 includes prep error",published,0.028772146734394655,0.9695200997689403,-0.00416411075737555,False,0.0,0.0,1.0,False
emerald,19,90,38,3420,0.3,0.0016,16.872,True,0.9736842105263158,0.9982922465033349,0.024608035977019105,0.0013,0.028,"our probe, 2026-08-20; e1 includes prep error",published,0.028772146734394655,0.9695200997689403,-0.00416411075737555,False,0.0,0.0,1.0,False
emerald,19,100,38,3800,0.3,0.0016,17.479999999999997,True,0.9736842105263158,0.9982922465033349,0.024608035977019105,0.0013,0.028,"our probe, 2026-08-20; e1 includes prep error",published,0.028772146734394655,0.9695200997689403,-0.00416411075737555,False,0.0,0.0,1.0,False
emerald,19,110,38,4180,0.3,0.0016,18.088,True,0.9736842105263158,0.9982922465033349,0.024608035977019105,0.0013,0.028,"our probe, 2026-08-20; e1 includes prep error",published,0.028772146734394655,0.9695200997689403,-0.00416411075737555,False,0.0,0.0,1.0,False
emerald,19,120,38,4560,0.3,0.0016,18.695999999999998,True,0.9736842105263158,0.9982922465033349,0.024608035977019105,0.0013,0.028,"our probe, 2026-08-20; e1 includes prep error",published,0.028772146734394655,0.9695200997689403,-0.00416411075737555,False,0.0,0.0,1.0,False
emerald,19,130,38,4940,0.3,0.0016,19.304000000000002,True,0.9736842105263158,0.9982922465033349,0.024608035977019105,0.0013,0.028,"our probe, 2026-08-20; e1 includes prep error",published,0.028772146734394655,0.9695200997689403,-0.00416411075737555,False,0.0,0.0,1.0,False
emerald,19,140,38,5320,0.3,0.0016,19.912,True,0.9736842105263158,0.9982922465033349,0.024608035977019105,0.0013,0.028,"our probe, 2026-08-20; e1 includes prep error",published,0.028772146734394655,0.9695200997689403,-0.00416411075737555,False,0.0,0.0,1.0,False
emerald,19,150,38,5700,0.3,0.0016,20.520000000000003,False,0.9736842105263158,0.9982922465033349,0.024608035977019105,0.0013,0.028,"our probe, 2026-08-20; e1 includes prep error",published,0.028772146734394655,0.9695200997689403,-0.00416411075737555,False,0.0,0.0,1.0,False
emerald,19,160,38,6080,0.3,0.0016,21.128,False,0.9736842105263158,0.9982922465033349,0.024608035977019105,0.0013,0.028,"our probe, 2026-08-20; e1 includes prep error",published,0.028772146734394655,0.9695200997689403,-0.00416411075737555,False,0.0,0.0,1.0,False
emerald,19,170,38,6460,0.3,0.0016,21.736000000000004,False,0.9736842105263158,0.9982922465033349,0.024608035977019105,0.0013,0.028,"our probe, 2026-08-20; e1 includes prep error",published,0.028772146734394655,0.9695200997689403,-0.00416411075737555,False,0.0,0.0,1.0,False
emerald,19,180,38,6840,0.3,0.0016,22.344,False,0.9736842105263158,0.9982922465033349,0.024608035977019105,0.0013,0.028,"our probe, 2026-08-20; e1 includes prep error",published,0.028772146734394655,0.9695200997689403,-0.00416411075737555,False,0.0,0.0,1.0,False
emerald,19,190,38,7220,0.3,0.0016,22.951999999999998,False,0.9736842105263158,0.9982922465033349,0.024608035977019105,0.0013,0.028,"our probe, 2026-08-20; e1 includes prep error",published,0.028772146734394655,0.9695200997689403,-0.00416411075737555,False,0.0,0.0,1.0,False
emerald,19,200,38,7600,0.3,0.0016,23.56,False,0.9736842105263158,0.9982922465033349,0.024608035977019105,0.0013,0.028,"our probe, 2026-08-20; e1 includes prep error",published,0.028772146734394655,0.9695200997689403,-0.00416411075737555,False,0.0,0.0,1.0,False
emerald,19,210,38,7980,0.3,0.0016,24.168,False,0.9736842105263158,0.9982922465033349,0.024608035977019105,0.0013,0.028,"our probe, 2026-08-20; e1 includes prep error",published,0.028772146734394655,0.9695200997689403,-0.00416411075737555,False,0.0,0.0,1.0,False
emerald,19,220,38,8360,0.3,0.0016,24.776,False,0.9736842105263158,0.9982922465033349,0.024608035977019105,0.0013,0.028,"our probe, 2026-08-20; e1 includes prep error",published,0.028772146734394655,0.9695200997689403,-0.00416411075737555,False,0.0,0.0,1.0,False
emerald,19,230,38,8740,0.3,0.0016,25.383999999999997,False,0.9736842105263158,0.9982922465033349,0.024608035977019105,0.0013,0.028,"our probe, 2026-08-20; e1 includes prep error",published,0.028772146734394655,0.9695200997689403,-0.00416411075737555,False,0.0,0.0,1.0,False
emerald,19,240,38,9120,0.3,0.0016,25.991999999999997,False,0.9736842105263158,0.9982922465033349,0.024608035977019105,0.0013,0.028,"our probe, 2026-08-20; e1 includes prep error",published,0.028772146734394655,0.9695200997689403,-0.00416411075737555,False,0.0,0.0,1.0,False
emerald,19,250,38,9500,0.3,0.0016,26.599999999999998,False,0.9736842105263158,0.9982922465033349,0.024608035977019105,0.0013,0.028,"our probe, 2026-08-20; e1 includes prep error",published,0.028772146734394655,0.9695200997689403,-0.00416411075737555,False,0.0,0.0,1.0,False
emerald,19,260,38,9880,0.3,0.0016,27.208,False,0.9736842105263158,0.9982922465033349,0.024608035977019105,0.0013,0.028,"our probe, 2026-08-20; e1 includes prep error",published,0.028772146734394655,0.9695200997689403,-0.00416411075737555,False,0.0,0.0,1.0,False
emerald,19,270,38,10260,0.3,0.0016,27.816,False,0.9736842105263158,0.9982922465033349,0.024608035977019105,0.0013,0.028,"our probe, 2026-08-20; e1 includes prep error",published,0.028772146734394655,0.9695200997689403,-0.00416411075737555,False,0.0,0.0,1.0,False
emerald,19,280,38,10640,0.3,0.0016,28.424,False,0.9736842105263158,0.9982922465033349,0.024608035977019105,0.0013,0.028,"our probe, 2026-08-20; e1 includes prep error",published,0.028772146734394655,0.9695200997689403,-0.00416411075737555,False,0.0,0.0,1.0,False
emerald,19,290,38,11020,0.3,0.0016,29.032,False,0.9736842105263158,0.9982922465033349,0.024608035977019105,0.0013,0.028,"our probe, 2026-08-20; e1 includes prep error",published,0.028772146734394655,0.9695200997689403,-0.00416411075737555,False,0.0,0.0,1.0,False
emerald,19,300,38,11400,0.3,0.0016,29.64,False,0.9736842105263158,0.9982922465033349,0.024608035977019105,0.0013,0.028,"our probe, 2026-08-20; e1 includes prep error",published,0.028772146734394655,0.9695200997689403,-0.00416411075737555,False,0.0,0.0,1.0,False
emerald,21,10,42,420,0.3,0.0016,13.272,True,0.9761904761904762,0.99860189859059,0.022411422400113845,0.0013,0.028,"our probe, 2026-08-20; e1 includes prep error",published,0.0287900265134875,0.9698118720771025,-0.006378604113373654,False,0.0,0.0,1.0,False
emerald,21,20,42,840,0.3,0.0016,13.943999999999999,True,0.9761904761904762,0.99860189859059,0.022411422400113845,0.0013,0.028,"our probe, 2026-08-20; e1 includes prep error",published,0.0287900265134875,0.9698118720771025,-0.006378604113373654,False,0.0,0.0,1.0,False
emerald,21,30,42,1260,0.3,0.0016,14.616,True,0.9761904761904762,0.99860189859059,0.022411422400113845,0.0013,0.028,"our probe, 2026-08-20; e1 includes prep error",published,0.0287900265134875,0.9698118720771025,-0.006378604113373654,False,0.0,0.0,1.0,False
emerald,21,40,42,1680,0.3,0.0016,15.288,True,0.9761904761904762,0.99860189859059,0.022411422400113845,0.0013,0.028,"our probe, 2026-08-20; e1 includes prep error",published,0.0287900265134875,0.9698118720771025,-0.006378604113373654,False,0.0,0.0,1.0,False
emerald,21,50,42,2100,0.3,0.0016,15.96,True,0.9761904761904762,0.99860189859059,0.022411422400113845,0.0013,0.028,"our probe, 2026-08-20; e1 includes prep error",published,0.0287900265134875,0.9698118720771025,-0.006378604113373654,False,0.0,0.0,1.0,False
emerald,21,60,42,2520,0.3,0.0016,16.632,True,0.9761904761904762,0.99860189859059,0.022411422400113845,0.0013,0.028,"our probe, 2026-08-20; e1 includes prep error",published,0.0287900265134875,0.9698118720771025,-0.006378604113373654,False,0.0,0.0,1.0,False
emerald,21,70,42,2940,0.3,0.0016,17.304,True,0.9761904761904762,0.99860189859059,0.022411422400113845,0.0013,0.028,"our probe, 2026-08-20; e1 includes prep error",published,0.0287900265134875,0.9698118720771025,-0.006378604113373654,False,0.0,0.0,1.0,False
emerald,21,80,42,3360,0.3,0.0016,17.976,True,0.9761904761904762,0.99860189859059,0.022411422400113845,0.0013,0.028,"our probe, 2026-08-20; e1 includes prep error",published,0.0287900265134875,0.9698118720771025,-0.006378604113373654,False,0.0,0.0,1.0,False
emerald,21,90,42,3780,0.3,0.0016,18.648,True,0.9761904761904762,0.99860189859059,0.022411422400113845,0.0013,0.028,"our probe, 2026-08-20; e1 includes prep error",published,0.0287900265134875,0.9698118720771025,-0.006378604113373654,False,0.0,0.0,1.0,False
emerald,21,100,42,4200,0.3,0.0016,19.32,True,0.9761904761904762,0.99860189859059,0.022411422400113845,0.0013,0.028,"our probe, 2026-08-20; e1 includes prep error",published,0.0287900265134875,0.9698118720771025,-0.006378604113373654,False,0.0,0.0,1.0,False
emerald,21,110,42,4620,0.3,0.0016,19.991999999999997,True,0.9761904761904762,0.99860189859059,0.022411422400113845,0.0013,0.028,"our probe, 2026-08-20; e1 includes prep error",published,0.0287900265134875,0.9698118720771025,-0.006378604113373654,False,0.0,0.0,1.0,False
emerald,21,120,42,5040,0.3,0.0016,20.664,False,0.9761904761904762,0.99860189859059,0.022411422400113845,0.0013,0.028,"our probe, 2026-08-20; e1 includes prep error",published,0.0287900265134875,0.9698118720771025,-0.006378604113373654,False,0.0,0.0,1.0,False
emerald,21,130,42,5460,0.3,0.0016,21.336,False,0.9761904761904762,0.99860189859059,0.022411422400113845,0.0013,0.028,"our probe, 2026-08-20; e1 includes prep error",published,0.0287900265134875,0.9698118720771025,-0.006378604113373654,False,0.0,0.0,1.0,False
emerald,21,140,42,5880,0.3,0.0016,22.008000000000003,False,0.9761904761904762,0.99860189859059,0.022411422400113845,0.0013,0.028,"our probe, 2026-08-20; e1 includes prep error",published,0.0287900265134875,0.9698118720771025,-0.006378604113373654,False,0.0,0.0,1.0,False
emerald,21,150,42,6300,0.3,0.0016,22.68,False,0.9761904761904762,0.99860189859059,0.022411422400113845,0.0013,0.028,"our probe, 2026-08-20; e1 includes prep error",published,0.0287900265134875,0.9698118720771025,-0.006378604113373654,False,0.0,0.0,1.0,False
emerald,21,160,42,6720,0.3,0.0016,23.352000000000004,False,0.9761904761904762,0.99860189859059,0.022411422400113845,0.0013,0.028,"our probe, 2026-08-20; e1 includes prep error",published,0.0287900265134875,0.9698118720771025,-0.006378604113373654,False,0.0,0.0,1.0,False
emerald,21,170,42,7140,0.3,0.0016,24.024,False,0.9761904761904762,0.99860189859059,0.022411422400113845,0.0013,0.028,"our probe, 2026-08-20; e1 includes prep error",published,0.0287900265134875,0.9698118720771025,-0.006378604113373654,False,0.0,0.0,1.0,False
emerald,21,180,42,7560,0.3,0.0016,24.696000000000005,False,0.9761904761904762,0.99860189859059,0.022411422400113845,0.0013,0.028,"our probe, 2026-08-20; e1 includes prep error",published,0.0287900265134875,0.9698118720771025,-0.006378604113373654,False,0.0,0.0,1.0,False
emerald,21,190,42,7980,0.3,0.0016,25.368,False,0.9761904761904762,0.99860189859059,0.022411422400113845,0.0013,0.028,"our probe, 2026-08-20; e1 includes prep error",published,0.0287900265134875,0.9698118720771025,-0.006378604113373654,False,0.0,0.0,1.0,False
emerald,21,200,42,8400,0.3,0.0016,26.04,False,0.9761904761904762,0.99860189859059,0.022411422400113845,0.0013,0.028,"our probe, 2026-08-20; e1 includes prep error",published,0.0287900265134875,0.9698118720771025,-0.006378604113373654,False,0.0,0.0,1.0,False
emerald,21,210,42,8820,0.3,0.0016,26.712,False,0.9761904761904762,0.99860189859059,0.022411422400113845,0.0013,0.028,"our probe, 2026-08-20; e1 includes prep error",published,0.0287900265134875,0.9698118720771025,-0.006378604113373654,False,0.0,0.0,1.0,False
emerald,21,220,42,9240,0.3,0.0016,27.384,False,0.9761904761904762,0.99860189859059,0.022411422400113845,0.0013,0.028,"our probe, 2026-08-20; e1 includes prep error",published,0.0287900265134875,0.9698118720771025,-0.006378604113373654,False,0.0,0.0,1.0,False
emerald,21,230,42,9660,0.3,0.0016,28.055999999999997,False,0.9761904761904762,0.99860189859059,0.022411422400113845,0.0013,0.028,"our probe, 2026-08-20; e1 includes prep error",published,0.0287900265134875,0.9698118720771025,-0.006378604113373654,False,0.0,0.0,1.0,False
emerald,21,240,42,10080,0.3,0.0016,28.727999999999998,False,0.9761904761904762,0.99860189859059,0.022411422400113845,0.0013,0.028,"our probe, 2026-08-20; e1 includes prep error",published,0.0287900265134875,0.9698118720771025,-0.006378604113373654,False,0.0,0.0,1.0,False
emerald,21,250,42,10500,0.3,0.0016,29.4,False,0.9761904761904762,0.99860189859059,0.022411422400113845,0.0013,0.028,"our probe, 2026-08-20; e1 includes prep error",published,0.0287900265134875,0.9698118720771025,-0.006378604113373654,False,0.0,0.0,1.0,False
emerald,21,260,42,10920,0.3,0.0016,30.072,False,0.9761904761904762,0.99860189859059,0.022411422400113845,0.0013,0.028,"our probe, 2026-08-20; e1 includes prep error",published,0.0287900265134875,0.9698118720771025,-0.006378604113373654,False,0.0,0.0,1.0,False
emerald,21,270,42,11340,0.3,0.0016,30.744,False,0.9761904761904762,0.99860189859059,0.022411422400113845,0.0013,0.028,"our probe, 2026-08-20; e1 includes prep error",published,0.0287900265134875,0.9698118720771025,-0.006378604113373654,False,0.0,0.0,1.0,False
emerald,21,280,42,11760,0.3,0.0016,31.416,False,0.9761904761904762,0.99860189859059,0.022411422400113845,0.0013,0.028,"our probe, 2026-08-20; e1 includes prep error",published,0.0287900265134875,0.9698118720771025,-0.006378604113373654,False,0.0,0.0,1.0,False
emerald,21,290,42,12180,0.3,0.0016,32.088,False,0.9761904761904762,0.99860189859059,0.022411422400113845,0.0013,0.028,"our probe, 2026-08-20; e1 includes prep error",published,0.0287900265134875,0.9698118720771025,-0.006378604113373654,False,0.0,0.0,1.0,False
emerald,21,300,42,12600,0.3,0.0016,32.76,False,0.9761904761904762,0.99860189859059,0.022411422400113845,0.0013,0.028,"our probe, 2026-08-20; e1 includes prep error",published,0.0287900265134875,0.9698118720771025,-0.006378604113373654,False,0.0,0.0,1.0,False
emerald,23,10,46,460,0.3,0.0016,14.536,True,0.9782608695652174,0.9988343845952696,0.020573515030052225,0.0013,0.028,"our probe, 2026-08-20; e1 includes prep error",published,0.02880345060645151,0.9700309339888181,-0.008229935576399283,False,0.0,0.0,1.0,False
emerald,23,20,46,920,0.3,0.0016,15.271999999999998,True,0.9782608695652174,0.9988343845952696,0.020573515030052225,0.0013,0.028,"our probe, 2026-08-20; e1 includes prep error",published,0.02880345060645151,0.9700309339888181,-0.008229935576399283,False,0.0,0.0,1.0,False
emerald,23,30,46,1380,0.3,0.0016,16.008,True,0.9782608695652174,0.9988343845952696,0.020573515030052225,0.0013,0.028,"our probe, 2026-08-20; e1 includes prep error",published,0.02880345060645151,0.9700309339888181,-0.008229935576399283,False,0.0,0.0,1.0,False
emerald,23,40,46,1840,0.3,0.0016,16.744,True,0.9782608695652174,0.9988343845952696,0.020573515030052225,0.0013,0.028,"our probe, 2026-08-20; e1 includes prep error",published,0.02880345060645151,0.9700309339888181,-0.008229935576399283,False,0.0,0.0,1.0,False
emerald,23,50,46,2300,0.3,0.0016,17.48,True,0.9782608695652174,0.9988343845952696,0.020573515030052225,0.0013,0.028,"our probe, 2026-08-20; e1 includes prep error",published,0.02880345060645151,0.9700309339888181,-0.008229935576399283,False,0.0,0.0,1.0,False
emerald,23,60,46,2760,0.3,0.0016,18.216,True,0.9782608695652174,0.9988343845952696,0.020573515030052225,0.0013,0.028,"our probe, 2026-08-20; e1 includes prep error",published,0.02880345060645151,0.9700309339888181,-0.008229935576399283,False,0.0,0.0,1.0,False
emerald,23,70,46,3220,0.3,0.0016,18.951999999999998,True,0.9782608695652174,0.9988343845952696,0.020573515030052225,0.0013,0.028,"our probe, 2026-08-20; e1 includes prep error",published,0.02880345060645151,0.9700309339888181,-0.008229935576399283,False,0.0,0.0,1.0,False
emerald,23,80,46,3680,0.3,0.0016,19.688,True,0.9782608695652174,0.9988343845952696,0.020573515030052225,0.0013,0.028,"our probe, 2026-08-20; e1 includes prep error",published,0.02880345060645151,0.9700309339888181,-0.008229935576399283,False,0.0,0.0,1.0,False
emerald,23,90,46,4140,0.3,0.0016,20.424,False,0.9782608695652174,0.9988343845952696,0.020573515030052225,0.0013,0.028,"our probe, 2026-08-20; e1 includes prep error",published,0.02880345060645151,0.9700309339888181,-0.008229935576399283,False,0.0,0.0,1.0,False
emerald,23,100,46,4600,0.3,0.0016,21.159999999999997,False,0.9782608695652174,0.9988343845952696,0.020573515030052225,0.0013,0.028,"our probe, 2026-08-20; e1 includes prep error",published,0.02880345060645151,0.9700309339888181,-0.008229935576399283,False,0.0,0.0,1.0,False
emerald,23,110,46,5060,0.3,0.0016,21.896,False,0.9782608695652174,0.9988343845952696,0.020573515030052225,0.0013,0.028,"our probe, 2026-08-20; e1 includes prep error",published,0.02880345060645151,0.9700309339888181,-0.008229935576399283,False,0.0,0.0,1.0,False
emerald,23,120,46,5520,0.3,0.0016,22.631999999999998,False,0.9782608695652174,0.9988343845952696,0.020573515030052225,0.0013,0.028,"our probe, 2026-08-20; e1 includes prep error",published,0.02880345060645151,0.9700309339888181,-0.008229935576399283,False,0.0,0.0,1.0,False
emerald,23,130,46,5980,0.3,0.0016,23.368000000000002,False,0.9782608695652174,0.9988343845952696,0.020573515030052225,0.0013,0.028,"our probe, 2026-08-20; e1 includes prep error",published,0.02880345060645151,0.9700309339888181,-0.008229935576399283,False,0.0,0.0,1.0,False
emerald,23,140,46,6440,0.3,0.0016,24.104,False,0.9782608695652174,0.9988343845952696,0.020573515030052225,0.0013,0.028,"our probe, 2026-08-20; e1 includes prep error",published,0.02880345060645151,0.9700309339888181,-0.008229935576399283,False,0.0,0.0,1.0,False
emerald,23,150,46,6900,0.3,0.0016,24.840000000000003,False,0.9782608695652174,0.9988343845952696,0.020573515030052225,0.0013,0.028,"our probe, 2026-08-20; e1 includes prep error",published,0.02880345060645151,0.9700309339888181,-0.008229935576399283,False,0.0,0.0,1.0,False
emerald,23,160,46,7360,0.3,0.0016,25.576,False,0.9782608695652174,0.9988343845952696,0.020573515030052225,0.0013,0.028,"our probe, 2026-08-20; e1 includes prep error",published,0.02880345060645151,0.9700309339888181,-0.008229935576399283,False,0.0,0.0,1.0,False
emerald,23,170,46,7820,0.3,0.0016,26.312000000000005,False,0.9782608695652174,0.9988343845952696,0.020573515030052225,0.0013,0.028,"our probe, 2026-08-20; e1 includes prep error",published,0.02880345060645151,0.9700309339888181,-0.008229935576399283,False,0.0,0.0,1.0,False
emerald,23,180,46,8280,0.3,0.0016,27.048000000000002,False,0.9782608695652174,0.9988343845952696,0.020573515030052225,0.0013,0.028,"our probe, 2026-08-20; e1 includes prep error",published,0.02880345060645151,0.9700309339888181,-0.008229935576399283,False,0.0,0.0,1.0,False
emerald,23,190,46,8740,0.3,0.0016,27.784,False,0.9782608695652174,0.9988343845952696,0.020573515030052225,0.0013,0.028,"our probe, 2026-08-20; e1 includes prep error",published,0.02880345060645151,0.9700309339888181,-0.008229935576399283,False,0.0,0.0,1.0,False
emerald,23,200,46,9200,0.3,0.0016,28.52,False,0.9782608695652174,0.9988343845952696,0.020573515030052225,0.0013,0.028,"our probe, 2026-08-20; e1 includes prep error",published,0.02880345060645151,0.9700309339888181,-0.008229935576399283,False,0.0,0.0,1.0,False
emerald,23,210,46,9660,0.3,0.0016,29.256,False,0.9782608695652174,0.9988343845952696,0.020573515030052225,0.0013,0.028,"our probe, 2026-08-20; e1 includes prep error",published,0.02880345060645151,0.9700309339888181,-0.008229935576399283,False,0.0,0.0,1.0,False
emerald,23,220,46,10120,0.3,0.0016,29.992,False,0.9782608695652174,0.9988343845952696,0.020573515030052225,0.0013,0.028,"our probe, 2026-08-20; e1 includes prep error",published,0.02880345060645151,0.9700309339888181,-0.008229935576399283,False,0.0,0.0,1.0,False
emerald,23,230,46,10580,0.3,0.0016,30.727999999999998,False,0.9782608695652174,0.9988343845952696,0.020573515030052225,0.0013,0.028,"our probe, 2026-08-20; e1 includes prep error",published,0.02880345060645151,0.9700309339888181,-0.008229935576399283,False,0.0,0.0,1.0,False
emerald,23,240,46,11040,0.3,0.0016,31.464,False,0.9782608695652174,0.9988343845952696,0.020573515030052225,0.0013,0.028,"our probe, 2026-08-20; e1 includes prep error",published,0.02880345060645151,0.9700309339888181,-0.008229935576399283,False,0.0,0.0,1.0,False
emerald,23,250,46,11500,0.3,0.0016,32.199999999999996,False,0.9782608695652174,0.9988343845952696,0.020573515030052225,0.0013,0.028,"our probe, 2026-08-20; e1 includes prep error",published,0.02880345060645151,0.9700309339888181,-0.008229935576399283,False,0.0,0.0,1.0,False
emerald,23,260,46,11960,0.3,0.0016,32.936,False,0.9782608695652174,0.9988343845952696,0.020573515030052225,0.0013,0.028,"our probe, 2026-08-20; e1 includes prep error",published,0.02880345060645151,0.9700309339888181,-0.008229935576399283,False,0.0,0.0,1.0,False
emerald,23,270,46,12420,0.3,0.0016,33.672,False,0.9782608695652174,0.9988343845952696,0.020573515030052225,0.0013,0.028,"our probe, 2026-08-20; e1 includes prep error",published,0.02880345060645151,0.9700309339888181,-0.008229935576399283,False,0.0,0.0,1.0,False
emerald,23,280,46,12880,0.3,0.0016,34.408,False,0.9782608695652174,0.9988343845952696,0.020573515030052225,0.0013,0.028,"our probe, 2026-08-20; e1 includes prep error",published,0.02880345060645151,0.9700309339888181,-0.008229935576399283,False,0.0,0.0,1.0,False
emerald,23,290,46,13340,0.3,0.0016,35.144,False,0.9782608695652174,0.9988343845952696,0.020573515030052225,0.0013,0.028,"our probe, 2026-08-20; e1 includes prep error",published,0.02880345060645151,0.9700309339888181,-0.008229935576399283,False,0.0,0.0,1.0,False
emerald,23,300,46,13800,0.3,0.0016,35.88,False,0.9782608695652174,0.9988343845952696,0.020573515030052225,0.0013,0.028,"our probe, 2026-08-20; e1 includes prep error",published,0.02880345060645151,0.9700309339888181,-0.008229935576399283,False,0.0,0.0,1.0,False
emerald,25,10,50,500,0.3,0.0016,15.8,True,0.98,0.9990133642141359,0.01901336421413591,0.0013,0.028,"our probe, 2026-08-20; e1 includes prep error",published,0.02881378515990407,0.9701995790542318,-0.009800420945768162,False,0.0,0.0,1.0,False
emerald,25,20,50,1000,0.3,0.0016,16.599999999999998,True,0.98,0.9990133642141359,0.01901336421413591,0.0013,0.028,"our probe, 2026-08-20; e1 includes prep error",published,0.02881378515990407,0.9701995790542318,-0.009800420945768162,False,0.0,0.0,1.0,False
emerald,25,30,50,1500,0.3,0.0016,17.4,True,0.98,0.9990133642141359,0.01901336421413591,0.0013,0.028,"our probe, 2026-08-20; e1 includes prep error",published,0.02881378515990407,0.9701995790542318,-0.009800420945768162,False,0.0,0.0,1.0,False
emerald,25,40,50,2000,0.3,0.0016,18.2,True,0.98,0.9990133642141359,0.01901336421413591,0.0013,0.028,"our probe, 2026-08-20; e1 includes prep error",published,0.02881378515990407,0.9701995790542318,-0.009800420945768162,False,0.0,0.0,1.0,False
emerald,25,50,50,2500,0.3,0.0016,19.0,True,0.98,0.9990133642141359,0.01901336421413591,0.0013,0.028,"our probe, 2026-08-20; e1 includes prep error",published,0.02881378515990407,0.9701995790542318,-0.009800420945768162,False,0.0,0.0,1.0,False
emerald,25,60,50,3000,0.3,0.0016,19.8,True,0.98,0.9990133642141359,0.01901336421413591,0.0013,0.028,"our probe, 2026-08-20; e1 includes prep error",published,0.02881378515990407,0.9701995790542318,-0.009800420945768162,False,0.0,0.0,1.0,False
emerald,25,70,50,3500,0.3,0.0016,20.599999999999998,False,0.98,0.9990133642141359,0.01901336421413591,0.0013,0.028,"our probe, 2026-08-20; e1 includes prep error",published,0.02881378515990407,0.9701995790542318,-0.009800420945768162,False,0.0,0.0,1.0,False
emerald,25,80,50,4000,0.3,0.0016,21.4,False,0.98,0.9990133642141359,0.01901336421413591,0.0013,0.028,"our probe, 2026-08-20; e1 includes prep error",published,0.02881378515990407,0.9701995790542318,-0.009800420945768162,False,0.0,0.0,1.0,False
emerald,25,90,50,4500,0.3,0.0016,22.2,False,0.98,0.9990133642141359,0.01901336421413591,0.0013,0.028,"our probe, 2026-08-20; e1 includes prep error",published,0.02881378515990407,0.9701995790542318,-0.009800420945768162,False,0.0,0.0,1.0,False
emerald,25,100,50,5000,0.3,0.0016,23.0,False,0.98,0.9990133642141359,0.01901336421413591,0.0013,0.028,"our probe, 2026-08-20; e1 includes prep error",published,0.02881378515990407,0.9701995790542318,-0.009800420945768162,False,0.0,0.0,1.0,False
emerald,25,110,50,5500,0.3,0.0016,23.799999999999997,False,0.98,0.9990133642141359,0.01901336421413591,0.0013,0.028,"our probe, 2026-08-20; e1 includes prep error",published,0.02881378515990407,0.9701995790542318,-0.009800420945768162,False,0.0,0.0,1.0,False
emerald,25,120,50,6000,0.3,0.0016,24.6,False,0.98,0.9990133642141359,0.01901336421413591,0.0013,0.028,"our probe, 2026-08-20; e1 includes prep error",published,0.02881378515990407,0.9701995790542318,-0.009800420945768162,False,0.0,0.0,1.0,False
emerald,25,130,50,6500,0.3,0.0016,25.4,False,0.98,0.9990133642141359,0.01901336421413591,0.0013,0.028,"our probe, 2026-08-20; e1 includes prep error",published,0.02881378515990407,0.9701995790542318,-0.009800420945768162,False,0.0,0.0,1.0,False
emerald,25,140,50,7000,0.3,0.0016,26.200000000000003,False,0.98,0.9990133642141359,0.01901336421413591,0.0013,0.028,"our probe, 2026-08-20; e1 includes prep error",published,0.02881378515990407,0.9701995790542318,-0.009800420945768162,False,0.0,0.0,1.0,False
emerald,25,150,50,7500,0.3,0.0016,27.0,False,0.98,0.9990133642141359,0.01901336421413591,0.0013,0.028,"our probe, 2026-08-20; e1 includes prep error",published,0.02881378515990407,0.9701995790542318,-0.009800420945768162,False,0.0,0.0,1.0,False
emerald,25,160,50,8000,0.3,0.0016,27.800000000000004,False,0.98,0.9990133642141359,0.01901336421413591,0.0013,0.028,"our probe, 2026-08-20; e1 includes prep error",published,0.02881378515990407,0.9701995790542318,-0.009800420945768162,False,0.0,0.0,1.0,False
emerald,25,170,50,8500,0.3,0.0016,28.6,False,0.98,0.9990133642141359,0.01901336421413591,0.0013,0.028,"our probe, 2026-08-20; e1 includes prep error",published,0.02881378515990407,0.9701995790542318,-0.009800420945768162,False,0.0,0.0,1.0,False
emerald,25,180,50,9000,0.3,0.0016,29.400000000000006,False,0.98,0.9990133642141359,0.01901336421413591,0.0013,0.028,"our probe, 2026-08-20; e1 includes prep error",published,0.02881378515990407,0.9701995790542318,-0.009800420945768162,False,0.0,0.0,1.0,False
emerald,25,190,50,9500,0.3,0.0016,30.2,False,0.98,0.9990133642141359,0.01901336421413591,0.0013,0.028,"our probe, 2026-08-20; e1 includes prep error",published,0.02881378515990407,0.9701995790542318,-0.009800420945768162,False,0.0,0.0,1.0,False
emerald,25,200,50,10000,0.3,0.0016,31.0,False,0.98,0.9990133642141359,0.01901336421413591,0.0013,0.028,"our probe, 2026-08-20; e1 includes prep error",published,0.02881378515990407,0.9701995790542318,-0.009800420945768162,False,0.0,0.0,1.0,False
emerald,25,210,50,10500,0.3,0.0016,31.8,False,0.98,0.9990133642141359,0.01901336421413591,0.0013,0.028,"our probe, 2026-08-20; e1 includes prep error",published,0.02881378515990407,0.9701995790542318,-0.009800420945768162,False,0.0,0.0,1.0,False
emerald,25,220,50,11000,0.3,0.0016,32.6,False,0.98,0.9990133642141359,0.01901336421413591,0.0013,0.028,"our probe, 2026-08-20; e1 includes prep error",published,0.02881378515990407,0.9701995790542318,-0.009800420945768162,False,0.0,0.0,1.0,False
emerald,25,230,50,11500,0.3,0.0016,33.4,False,0.98,0.9990133642141359,0.01901336421413591,0.0013,0.028,"our probe, 2026-08-20; e1 includes prep error",published,0.02881378515990407,0.9701995790542318,-0.009800420945768162,False,0.0,0.0,1.0,False
emerald,25,240,50,12000,0.3,0.0016,34.199999999999996,False,0.98,0.9990133642141359,0.01901336421413591,0.0013,0.028,"our probe, 2026-08-20; e1 includes prep error",published,0.02881378515990407,0.9701995790542318,-0.009800420945768162,False,0.0,0.0,1.0,False
emerald,25,250,50,12500,0.3,0.0016,35.0,False,0.98,0.9990133642141359,0.01901336421413591,0.0013,0.028,"our probe, 2026-08-20; e1 includes prep error",published,0.02881378515990407,0.9701995790542318,-0.009800420945768162,False,0.0,0.0,1.0,False
emerald,25,260,50,13000,0.3,0.0016,35.8,False,0.98,0.9990133642141359,0.01901336421413591,0.0013,0.028,"our probe, 2026-08-20; e1 includes prep error",published,0.02881378515990407,0.9701995790542318,-0.009800420945768162,False,0.0,0.0,1.0,False
emerald,25,270,50,13500,0.3,0.0016,36.6,False,0.98,0.9990133642141359,0.01901336421413591,0.0013,0.028,"our probe, 2026-08-20; e1 includes prep error",published,0.02881378515990407,0.9701995790542318,-0.009800420945768162,False,0.0,0.0,1.0,False
emerald,25,280,50,14000,0.3,0.0016,37.4,False,0.98,0.9990133642141359,0.01901336421413591,0.0013,0.028,"our probe, 2026-08-20; e1 includes prep error",published,0.02881378515990407,0.9701995790542318,-0.009800420945768162,False,0.0,0.0,1.0,False
emerald,25,290,50,14500,0.3,0.0016,38.2,False,0.98,0.9990133642141359,0.01901336421413591,0.0013,0.028,"our probe, 2026-08-20; e1 includes prep error",published,0.02881378515990407,0.9701995790542318,-0.009800420945768162,False,0.0,0.0,1.0,False
emerald,25,300,50,15000,0.3,0.0016,39.0,False,0.98,0.9990133642141359,0.01901336421413591,0.0013,0.028,"our probe, 2026-08-20; e1 includes prep error",published,0.02881378515990407,0.9701995790542318,-0.009800420945768162,False,0.0,0.0,1.0,False
emerald,27,10,54,540,0.3,0.0016,17.064,True,0.9814814814814815,0.9991540791356341,0.017672597654152633,0.0013,0.028,"our probe, 2026-08-20; e1 includes prep error",published,0.02882191025195091,0.9703321688836832,-0.011149312597798278,False,0.0,0.0,1.0,False
emerald,27,20,54,1080,0.3,0.0016,17.927999999999997,True,0.9814814814814815,0.9991540791356341,0.017672597654152633,0.0013,0.028,"our probe, 2026-08-20; e1 includes prep error",published,0.02882191025195091,0.9703321688836832,-0.011149312597798278,False,0.0,0.0,1.0,False
emerald,27,30,54,1620,0.3,0.0016,18.791999999999998,True,0.9814814814814815,0.9991540791356341,0.017672597654152633,0.0013,0.028,"our probe, 2026-08-20; e1 includes prep error",published,0.02882191025195091,0.9703321688836832,-0.011149312597798278,False,0.0,0.0,1.0,False
emerald,27,40,54,2160,0.3,0.0016,19.656,True,0.9814814814814815,0.9991540791356341,0.017672597654152633,0.0013,0.028,"our probe, 2026-08-20; e1 includes prep error",published,0.02882191025195091,0.9703321688836832,-0.011149312597798278,False,0.0,0.0,1.0,False
emerald,27,50,54,2700,0.3,0.0016,20.52,False,0.9814814814814815,0.9991540791356341,0.017672597654152633,0.0013,0.028,"our probe, 2026-08-20; e1 includes prep error",published,0.02882191025195091,0.9703321688836832,-0.011149312597798278,False,0.0,0.0,1.0,False
emerald,27,60,54,3240,0.3,0.0016,21.384,False,0.9814814814814815,0.9991540791356341,0.017672597654152633,0.0013,0.028,"our probe, 2026-08-20; e1 includes prep error",published,0.02882191025195091,0.9703321688836832,-0.011149312597798278,False,0.0,0.0,1.0,False
emerald,27,70,54,3780,0.3,0.0016,22.247999999999998,False,0.9814814814814815,0.9991540791356341,0.017672597654152633,0.0013,0.028,"our probe, 2026-08-20; e1 includes prep error",published,0.02882191025195091,0.9703321688836832,-0.011149312597798278,False,0.0,0.0,1.0,False
emerald,27,80,54,4320,0.3,0.0016,23.112,False,0.9814814814814815,0.9991540791356341,0.017672597654152633,0.0013,0.028,"our probe, 2026-08-20; e1 includes prep error",published,0.02882191025195091,0.9703321688836832,-0.011149312597798278,False,0.0,0.0,1.0,False
emerald,27,90,54,4860,0.3,0.0016,23.976,False,0.9814814814814815,0.9991540791356341,0.017672597654152633,0.0013,0.028,"our probe, 2026-08-20; e1 includes prep error",published,0.02882191025195091,0.9703321688836832,-0.011149312597798278,False,0.0,0.0,1.0,False
emerald,27,100,54,5400,0.3,0.0016,24.839999999999996,False,0.9814814814814815,0.9991540791356341,0.017672597654152633,0.0013,0.028,"our probe, 2026-08-20; e1 includes prep error",published,0.02882191025195091,0.9703321688836832,-0.011149312597798278,False,0.0,0.0,1.0,False
emerald,27,110,54,5940,0.3,0.0016,25.704,False,0.9814814814814815,0.9991540791356341,0.017672597654152633,0.0013,0.028,"our probe, 2026-08-20; e1 includes prep error",published,0.02882191025195091,0.9703321688836832,-0.011149312597798278,False,0.0,0.0,1.0,False
emerald,27,120,54,6480,0.3,0.0016,26.567999999999998,False,0.9814814814814815,0.9991540791356341,0.017672597654152633,0.0013,0.028,"our probe, 2026-08-20; e1 includes prep error",published,0.02882191025195091,0.9703321688836832,-0.011149312597798278,False,0.0,0.0,1.0,False
emerald,27,130,54,7020,0.3,0.0016,27.432000000000002,False,0.9814814814814815,0.9991540791356341,0.017672597654152633,0.0013,0.028,"our probe, 2026-08-20; e1 includes prep error",published,0.02882191025195091,0.9703321688836832,-0.011149312597798278,False,0.0,0.0,1.0,False
emerald,27,140,54,7560,0.3,0.0016,28.296,False,0.9814814814814815,0.9991540791356341,0.017672597654152633,0.0013,0.028,"our probe, 2026-08-20; e1 includes prep error",published,0.02882191025195091,0.9703321688836832,-0.011149312597798278,False,0.0,0.0,1.0,False
emerald,27,150,54,8100,0.3,0.0016,29.160000000000004,False,0.9814814814814815,0.9991540791356341,0.017672597654152633,0.0013,0.028,"our probe, 2026-08-20; e1 includes prep error",published,0.02882191025195091,0.9703321688836832,-0.011149312597798278,False,0.0,0.0,1.0,False
emerald,27,160,54,8640,0.3,0.0016,30.024,False,0.9814814814814815,0.9991540791356341,0.017672597654152633,0.0013,0.028,"our probe, 2026-08-20; e1 includes prep error",published,0.02882191025195091,0.9703321688836832,-0.011149312597798278,False,0.0,0.0,1.0,False
emerald,27,170,54,9180,0.3,0.0016,30.888000000000005,False,0.9814814814814815,0.9991540791356341,0.017672597654152633,0.0013,0.028,"our probe, 2026-08-20; e1 includes prep error",published,0.02882191025195091,0.9703321688836832,-0.011149312597798278,False,0.0,0.0,1.0,False
emerald,27,180,54,9720,0.3,0.0016,31.752000000000002,False,0.9814814814814815,0.9991540791356341,0.017672597654152633,0.0013,0.028,"our probe, 2026-08-20; e1 includes prep error",published,0.02882191025195091,0.9703321688836832,-0.011149312597798278,False,0.0,0.0,1.0,False
emerald,27,190,54,10260,0.3,0.0016,32.616,False,0.9814814814814815,0.9991540791356341,0.017672597654152633,0.0013,0.028,"our probe, 2026-08-20; e1 includes prep error",published,0.02882191025195091,0.9703321688836832,-0.011149312597798278,False,0.0,0.0,1.0,False
emerald,27,200,54,10800,0.3,0.0016,33.48,False,0.9814814814814815,0.9991540791356341,0.017672597654152633,0.0013,0.028,"our probe, 2026-08-20; e1 includes prep error",published,0.02882191025195091,0.9703321688836832,-0.011149312597798278,False,0.0,0.0,1.0,False
emerald,27,210,54,11340,0.3,0.0016,34.344,False,0.9814814814814815,0.9991540791356341,0.017672597654152633,0.0013,0.028,"our probe, 2026-08-20; e1 includes prep error",published,0.02882191025195091,0.9703321688836832,-0.011149312597798278,False,0.0,0.0,1.0,False
emerald,27,220,54,11880,0.3,0.0016,35.208,False,0.9814814814814815,0.9991540791356341,0.017672597654152633,0.0013,0.028,"our probe, 2026-08-20; e1 includes prep error",published,0.02882191025195091,0.9703321688836832,-0.011149312597798278,False,0.0,0.0,1.0,False
emerald,27,230,54,12420,0.3,0.0016,36.071999999999996,False,0.9814814814814815,0.9991540791356341,0.017672597654152633,0.0013,0.028,"our probe, 2026-08-20; e1 includes prep error",published,0.02882191025195091,0.9703321688836832,-0.011149312597798278,False,0.0,0.0,1.0,False
emerald,27,240,54,12960,0.3,0.0016,36.936,False,0.9814814814814815,0.9991540791356341,0.017672597654152633,0.0013,0.028,"our probe, 2026-08-20; e1 includes prep error",published,0.02882191025195091,0.9703321688836832,-0.011149312597798278,False,0.0,0.0,1.0,False
emerald,27,250,54,13500,0.3,0.0016,37.8,False,0.9814814814814815,0.9991540791356341,0.017672597654152633,0.0013,0.028,"our probe, 2026-08-20; e1 includes prep error",published,0.02882191025195091,0.9703321688836832,-0.011149312597798278,False,0.0,0.0,1.0,False
emerald,27,260,54,14040,0.3,0.0016,38.664,False,0.9814814814814815,0.9991540791356341,0.017672597654152633,0.0013,0.028,"our probe, 2026-08-20; e1 includes prep error",published,0.02882191025195091,0.9703321688836832,-0.011149312597798278,False,0.0,0.0,1.0,False
emerald,27,270,54,14580,0.3,0.0016,39.528,False,0.9814814814814815,0.9991540791356341,0.017672597654152633,0.0013,0.028,"our probe, 2026-08-20; e1 includes prep error",published,0.02882191025195091,0.9703321688836832,-0.011149312597798278,False,0.0,0.0,1.0,False
emerald,27,280,54,15120,0.3,0.0016,40.392,False,0.9814814814814815,0.9991540791356341,0.017672597654152633,0.0013,0.028,"our probe, 2026-08-20; e1 includes prep error",published,0.02882191025195091,0.9703321688836832,-0.011149312597798278,False,0.0,0.0,1.0,False
emerald,27,290,54,15660,0.3,0.0016,41.256,False,0.9814814814814815,0.9991540791356341,0.017672597654152633,0.0013,0.028,"our probe, 2026-08-20; e1 includes prep error",published,0.02882191025195091,0.9703321688836832,-0.011149312597798278,False,0.0,0.0,1.0,False
emerald,27,300,54,16200,0.3,0.0016,42.120000000000005,False,0.9814814814814815,0.9991540791356341,0.017672597654152633,0.0013,0.028,"our probe, 2026-08-20; e1 includes prep error",published,0.02882191025195091,0.9703321688836832,-0.011149312597798278,False,0.0,0.0,1.0,False
emerald,29,10,58,580,0.3,0.0016,18.328,True,0.9827586206896551,0.999266706925562,0.016508086235906827,0.0013,0.028,"our probe, 2026-08-20; e1 includes prep error",published,0.028828413550609278,0.9704382933749527,-0.01232032731470245,False,0.0,0.0,1.0,False
emerald,29,20,58,1160,0.3,0.0016,19.255999999999997,True,0.9827586206896551,0.999266706925562,0.016508086235906827,0.0013,0.028,"our probe, 2026-08-20; e1 includes prep error",published,0.028828413550609278,0.9704382933749527,-0.01232032731470245,False,0.0,0.0,1.0,False
emerald,29,30,58,1740,0.3,0.0016,20.183999999999997,False,0.9827586206896551,0.999266706925562,0.016508086235906827,0.0013,0.028,"our probe, 2026-08-20; e1 includes prep error",published,0.028828413550609278,0.9704382933749527,-0.01232032731470245,False,0.0,0.0,1.0,False
emerald,29,40,58,2320,0.3,0.0016,21.112,False,0.9827586206896551,0.999266706925562,0.016508086235906827,0.0013,0.028,"our probe, 2026-08-20; e1 includes prep error",published,0.028828413550609278,0.9704382933749527,-0.01232032731470245,False,0.0,0.0,1.0,False
emerald,29,50,58,2900,0.3,0.0016,22.04,False,0.9827586206896551,0.999266706925562,0.016508086235906827,0.0013,0.028,"our probe, 2026-08-20; e1 includes prep error",published,0.028828413550609278,0.9704382933749527,-0.01232032731470245,False,0.0,0.0,1.0,False
emerald,29,60,58,3480,0.3,0.0016,22.968,False,0.9827586206896551,0.999266706925562,0.016508086235906827,0.0013,0.028,"our probe, 2026-08-20; e1 includes prep error",published,0.028828413550609278,0.9704382933749527,-0.01232032731470245,False,0.0,0.0,1.0,False
emerald,29,70,58,4060,0.3,0.0016,23.895999999999997,False,0.9827586206896551,0.999266706925562,0.016508086235906827,0.0013,0.028,"our probe, 2026-08-20; e1 includes prep error",published,0.028828413550609278,0.9704382933749527,-0.01232032731470245,False,0.0,0.0,1.0,False
emerald,29,80,58,4640,0.3,0.0016,24.823999999999998,False,0.9827586206896551,0.999266706925562,0.016508086235906827,0.0013,0.028,"our probe, 2026-08-20; e1 includes prep error",published,0.028828413550609278,0.9704382933749527,-0.01232032731470245,False,0.0,0.0,1.0,False
emerald,29,90,58,5220,0.3,0.0016,25.752,False,0.9827586206896551,0.999266706925562,0.016508086235906827,0.0013,0.028,"our probe, 2026-08-20; e1 includes prep error",published,0.028828413550609278,0.9704382933749527,-0.01232032731470245,False,0.0,0.0,1.0,False
emerald,29,100,58,5800,0.3,0.0016,26.68,False,0.9827586206896551,0.999266706925562,0.016508086235906827,0.0013,0.028,"our probe, 2026-08-20; e1 includes prep error",published,0.028828413550609278,0.9704382933749527,-0.01232032731470245,False,0.0,0.0,1.0,False
emerald,29,110,58,6380,0.3,0.0016,27.607999999999997,False,0.9827586206896551,0.999266706925562,0.016508086235906827,0.0013,0.028,"our probe, 2026-08-20; e1 includes prep error",published,0.028828413550609278,0.9704382933749527,-0.01232032731470245,False,0.0,0.0,1.0,False
emerald,29,120,58,6960,0.3,0.0016,28.536,False,0.9827586206896551,0.999266706925562,0.016508086235906827,0.0013,0.028,"our probe, 2026-08-20; e1 includes prep error",published,0.028828413550609278,0.9704382933749527,-0.01232032731470245,False,0.0,0.0,1.0,False
emerald,29,130,58,7540,0.3,0.0016,29.464,False,0.9827586206896551,0.999266706925562,0.016508086235906827,0.0013,0.028,"our probe, 2026-08-20; e1 includes prep error",published,0.028828413550609278,0.9704382933749527,-0.01232032731470245,False,0.0,0.0,1.0,False
emerald,29,140,58,8120,0.3,0.0016,30.392000000000003,False,0.9827586206896551,0.999266706925562,0.016508086235906827,0.0013,0.028,"our probe, 2026-08-20; e1 includes prep error",published,0.028828413550609278,0.9704382933749527,-0.01232032731470245,False,0.0,0.0,1.0,False
emerald,29,150,58,8700,0.3,0.0016,31.32,False,0.9827586206896551,0.999266706925562,0.016508086235906827,0.0013,0.028,"our probe, 2026-08-20; e1 includes prep error",published,0.028828413550609278,0.9704382933749527,-0.01232032731470245,False,0.0,0.0,1.0,False
emerald,29,160,58,9280,0.3,0.0016,32.248000000000005,False,0.9827586206896551,0.999266706925562,0.016508086235906827,0.0013,0.028,"our probe, 2026-08-20; e1 includes prep error",published,0.028828413550609278,0.9704382933749527,-0.01232032731470245,False,0.0,0.0,1.0,False
emerald,29,170,58,9860,0.3,0.0016,33.176,False,0.9827586206896551,0.999266706925562,0.016508086235906827,0.0013,0.028,"our probe, 2026-08-20; e1 includes prep error",published,0.028828413550609278,0.9704382933749527,-0.01232032731470245,False,0.0,0.0,1.0,False
emerald,29,180,58,10440,0.3,0.0016,34.104000000000006,False,0.9827586206896551,0.999266706925562,0.016508086235906827,0.0013,0.028,"our probe, 2026-08-20; e1 includes prep error",published,0.028828413550609278,0.9704382933749527,-0.01232032731470245,False,0.0,0.0,1.0,False
emerald,29,190,58,11020,0.3,0.0016,35.032,False,0.9827586206896551,0.999266706925562,0.016508086235906827,0.0013,0.028,"our probe, 2026-08-20; e1 includes prep error",published,0.028828413550609278,0.9704382933749527,-0.01232032731470245,False,0.0,0.0,1.0,False
emerald,29,200,58,11600,0.3,0.0016,35.96,False,0.9827586206896551,0.999266706925562,0.016508086235906827,0.0013,0.028,"our probe, 2026-08-20; e1 includes prep error",published,0.028828413550609278,0.9704382933749527,-0.01232032731470245,False,0.0,0.0,1.0,False
emerald,29,210,58,12180,0.3,0.0016,36.888,False,0.9827586206896551,0.999266706925562,0.016508086235906827,0.0013,0.028,"our probe, 2026-08-20; e1 includes prep error",published,0.028828413550609278,0.9704382933749527,-0.01232032731470245,False,0.0,0.0,1.0,False
emerald,29,220,58,12760,0.3,0.0016,37.816,False,0.9827586206896551,0.999266706925562,0.016508086235906827,0.0013,0.028,"our probe, 2026-08-20; e1 includes prep error",published,0.028828413550609278,0.9704382933749527,-0.01232032731470245,False,0.0,0.0,1.0,False
emerald,29,230,58,13340,0.3,0.0016,38.74399999999999,False,0.9827586206896551,0.999266706925562,0.016508086235906827,0.0013,0.028,"our probe, 2026-08-20; e1 includes prep error",published,0.028828413550609278,0.9704382933749527,-0.01232032731470245,False,0.0,0.0,1.0,False
emerald,29,240,58,13920,0.3,0.0016,39.672,False,0.9827586206896551,0.999266706925562,0.016508086235906827,0.0013,0.028,"our probe, 2026-08-20; e1 includes prep error",published,0.028828413550609278,0.9704382933749527,-0.01232032731470245,False,0.0,0.0,1.0,False
emerald,29,250,58,14500,0.3,0.0016,40.599999999999994,False,0.9827586206896551,0.999266706925562,0.016508086235906827,0.0013,0.028,"our probe, 2026-08-20; e1 includes prep error",published,0.028828413550609278,0.9704382933749527,-0.01232032731470245,False,0.0,0.0,1.0,False
emerald,29,260,58,15080,0.3,0.0016,41.528,False,0.9827586206896551,0.999266706925562,0.016508086235906827,0.0013,0.028,"our probe, 2026-08-20; e1 includes prep error",published,0.028828413550609278,0.9704382933749527,-0.01232032731470245,False,0.0,0.0,1.0,False
emerald,29,270,58,15660,0.3,0.0016,42.455999999999996,False,0.9827586206896551,0.999266706925562,0.016508086235906827,0.0013,0.028,"our probe, 2026-08-20; e1 includes prep error",published,0.028828413550609278,0.9704382933749527,-0.01232032731470245,False,0.0,0.0,1.0,False
emerald,29,280,58,16240,0.3,0.0016,43.384,False,0.9827586206896551,0.999266706925562,0.016508086235906827,0.0013,0.028,"our probe, 2026-08-20; e1 includes prep error",published,0.028828413550609278,0.9704382933749527,-0.01232032731470245,False,0.0,0.0,1.0,False
emerald,29,290,58,16820,0.3,0.0016,44.312,False,0.9827586206896551,0.999266706925562,0.016508086235906827,0.0013,0.028,"our probe, 2026-08-20; e1 includes prep error",published,0.028828413550609278,0.9704382933749527,-0.01232032731470245,False,0.0,0.0,1.0,False
emerald,29,300,58,17400,0.3,0.0016,45.24,False,0.9827586206896551,0.999266706925562,0.016508086235906827,0.0013,0.028,"our probe, 2026-08-20; e1 includes prep error",published,0.028828413550609278,0.9704382933749527,-0.01232032731470245,False,0.0,0.0,1.0,False
garnet,3,10,6,60,0.3,0.00145,1.887,True,0.8333333333333334,0.9330127018922194,0.09967936855888604,0.03,0.03,"arXiv:2408.12433 Sec. 4.1, median, simultaneous",published,0.05040267850025437,0.882610023391965,0.04927669005863167,True,0.005005148857242764,0.5005148857242764,0.19580270013064702,False
garnet,3,20,6,120,0.3,0.00145,1.9739999999999998,True,0.8333333333333334,0.9330127018922194,0.09967936855888604,0.03,0.03,"arXiv:2408.12433 Sec. 4.1, median, simultaneous",published,0.05040267850025437,0.882610023391965,0.04927669005863167,True,0.048960321226979533,4.896032122697953,0.08467424387986498,False
garnet,3,30,6,180,0.3,0.00145,2.061,True,0.8333333333333334,0.9330127018922194,0.09967936855888604,0.03,0.03,"arXiv:2408.12433 Sec. 4.1, median, simultaneous",published,0.05040267850025437,0.882610023391965,0.04927669005863167,True,0.0919149541997348,9.19149541997348,0.04006559710303838,False
garnet,3,40,6,240,0.3,0.00145,2.1479999999999997,True,0.8333333333333334,0.9330127018922194,0.09967936855888604,0.03,0.03,"arXiv:2408.12433 Sec. 4.1, median, simultaneous",published,0.05040267850025437,0.882610023391965,0.04927669005863167,True,0.17495646025501624,17.495646025501625,0.01973504038134274,False
garnet,3,50,6,300,0.3,0.00145,2.235,True,0.8333333333333334,0.9330127018922194,0.09967936855888604,0.03,0.03,"arXiv:2408.12433 Sec. 4.1, median, simultaneous",published,0.05040267850025437,0.882610023391965,0.04927669005863167,True,0.25660886276237477,25.660886276237477,0.00994965835059623,False
garnet,3,60,6,360,0.3,0.00145,2.322,True,0.8333333333333334,0.9330127018922194,0.09967936855888604,0.03,0.03,"arXiv:2408.12433 Sec. 4.1, median, simultaneous",published,0.05040267850025437,0.882610023391965,0.04927669005863167,True,0.3317414867361273,33.17414867361273,0.005093655357417116,False
garnet,3,70,6,420,0.3,0.00145,2.409,True,0.8333333333333334,0.9330127018922194,0.09967936855888604,0.03,0.03,"arXiv:2408.12433 Sec. 4.1, median, simultaneous",published,0.05040267850025437,0.882610023391965,0.04927669005863167,True,0.3992215850335095,39.92215850335095,0.002636230675837657,False
garnet,3,80,6,480,0.3,0.00145,2.496,True,0.8333333333333334,0.9330127018922194,0.09967936855888604,0.03,0.03,"arXiv:2408.12433 Sec. 4.1, median, simultaneous",published,0.05040267850025437,0.882610023391965,0.04927669005863167,True,0.45929630316145137,45.929630316145136,0.0013755817829971912,False
garnet,3,90,6,540,0.3,0.00145,2.583,True,0.8333333333333334,0.9330127018922194,0.09967936855888604,0.03,0.03,"arXiv:2408.12433 Sec. 4.1, median, simultaneous",published,0.05040267850025437,0.882610023391965,0.04927669005863167,True,0.5655146437500719,56.551464375007185,0.0007223615495427938,True
garnet,3,100,6,600,0.3,0.00145,2.67,True,0.8333333333333334,0.9330127018922194,0.09967936855888604,0.03,0.03,"arXiv:2408.12433 Sec. 4.1, median, simultaneous",published,0.05040267850025437,0.882610023391965,0.04927669005863167,True,0.6563475591317101,65.634755913171,0.00038127699258812525,True
garnet,3,110,6,660,0.3,0.00145,2.7569999999999997,True,0.8333333333333334,0.9330127018922194,0.09967936855888604,0.03,0.03,"arXiv:2408.12433 Sec. 4.1, median, simultaneous",published,0.05040267850025437,0.882610023391965,0.04927669005863167,True,0.6908119196104038,69.08119196104037,0.0002020907100069311,True
garnet,3,120,6,720,0.3,0.00145,2.844,True,0.8333333333333334,0.9330127018922194,0.09967936855888604,0.03,0.03,"arXiv:2408.12433 Sec. 4.1, median, simultaneous",published,0.05040267850025437,0.882610023391965,0.04927669005863167,True,0.7580273047032036,75.80273047032036,0.00016471457856823444,True
garnet,3,130,6,780,0.3,0.00145,2.931,True,0.8333333333333334,0.9330127018922194,0.09967936855888604,0.03,0.03,"arXiv:2408.12433 Sec. 4.1, median, simultaneous",published,0.05040267850025437,0.882610023391965,0.04927669005863167,True,0.8122050059739848,81.22050059739848,8.780378405482009e-05,True
garnet,3,140,6,840,0.3,0.00145,3.018,True,0.8333333333333334,0.9330127018922194,0.09967936855888604,0.03,0.03,"arXiv:2408.12433 Sec. 4.1, median, simultaneous",published,0.05040267850025437,0.882610023391965,0.04927669005863167,True,0.8552108534591649,85.52108534591649,4.692945522902084e-05,True
garnet,3,150,6,900,0.3,0.00145,3.1049999999999995,True,0.8333333333333334,0.9330127018922194,0.09967936855888604,0.03,0.03,"arXiv:2408.12433 Sec. 4.1, median, simultaneous",published,0.05040267850025437,0.882610023391965,0.04927669005863167,True,0.8687417582492889,86.87417582492888,2.514063732125576e-05,True
garnet,3,160,6,960,0.3,0.00145,3.192,True,0.8333333333333334,0.9330127018922194,0.09967936855888604,0.03,0.03,"arXiv:2408.12433 Sec. 4.1, median, simultaneous",published,0.05040267850025437,0.882610023391965,0.04927669005863167,True,0.8990926705732127,89.90926705732127,1.3495268517751796e-05,True
garnet,3,170,6,1020,0.3,0.00145,3.279,True,0.8333333333333334,0.9330127018922194,0.09967936855888604,0.03,0.03,"arXiv:2408.12433 Sec. 4.1, median, simultaneous",published,0.05040267850025437,0.882610023391965,0.04927669005863167,True,0.9227475556022253,92.27475556022253,7.257032758278106e-06,True
garnet,3,180,6,1080,0.3,0.00145,3.3659999999999997,True,0.8333333333333334,0.9330127018922194,0.09967936855888604,0.03,0.03,"arXiv:2408.12433 Sec. 4.1, median, simultaneous",published,0.05040267850025437,0.882610023391965,0.04927669005863167,True,0.9410602629539229,94.10602629539228,3.908622737525282e-06,True
garnet,3,190,6,1140,0.3,0.00145,3.4529999999999994,True,0.8333333333333334,0.9330127018922194,0.09967936855888604,0.03,0.03,"arXiv:2408.12433 Sec. 4.1, median, simultaneous",published,0.05040267850025437,0.882610023391965,0.04927669005863167,True,0.9551605442529748,95.51605442529748,2.108160925014265e-06,True
garnet,3,200,6,1200,0.3,0.00145,3.54,True,0.8333333333333334,0.9330127018922194,0.09967936855888604,0.03,0.03,"arXiv:2408.12433 Sec. 4.1, median, simultaneous",published,0.05040267850025437,0.882610023391965,0.04927669005863167,True,0.9659693937606496,96.59693937606497,1.138513127679235e-06,True
garnet,3,210,6,1260,0.3,0.00145,3.6270000000000002,True,0.8333333333333334,0.9330127018922194,0.09967936855888604,0.03,0.03,"arXiv:2408.12433 Sec. 4.1, median, simultaneous",published,0.05040267850025437,0.882610023391965,0.04927669005863167,True,0.9742249517863519,97.42249517863519,6.155654447455275e-07,True
garnet,3,220,6,1320,0.3,0.00145,3.714,True,0.8333333333333334,0.9330127018922194,0.09967936855888604,0.03,0.03,"arXiv:2408.12433 Sec. 4.1, median, simultaneous",published,0.05040267850025437,0.882610023391965,0.04927669005863167,True,0.9805112795529916,98.05112795529915,3.33170902874131e-07,True
garnet,3,230,6,1380,0.3,0.00145,3.8009999999999997,True,0.8333333333333334,0.9330127018922194,0.09967936855888604,0.03,0.03,"arXiv:2408.12433 Sec. 4.1, median, simultaneous",published,0.05040267850025437,0.882610023391965,0.04927669005863167,True,0.9852859797778598,98.52859797778598,1.8049997862128944e-07,True
garnet,3,240,6,1440,0.3,0.00145,3.8879999999999995,True,0.8333333333333334,0.9330127018922194,0.09967936855888604,0.03,0.03,"arXiv:2408.12433 Sec. 4.1, median, simultaneous",published,0.05040267850025437,0.882610023391965,0.04927669005863167,True,0.9889048037430984,98.89048037430985,9.787460218413582e-08,True
garnet,3,250,6,1500,0.3,0.00145,3.9749999999999996,True,0.8333333333333334,0.9330127018922194,0.09967936855888604,0.03,0.03,"arXiv:2408.12433 Sec. 4.1, median, simultaneous",published,0.05040267850025437,0.882610023391965,0.04927669005863167,True,0.9932343688864754,99.32343688864755,5.311476421929172e-08,True
garnet,3,260,6,1560,0.3,0.00145,4.062,True,0.8333333333333334,0.9330127018922194,0.09967936855888604,0.03,0.03,"arXiv:2408.12433 Sec. 4.1, median, simultaneous",published,0.05040267850025437,0.882610023391965,0.04927669005863167,True,0.9949220249130482,99.49220249130481,2.8846027386550653e-08,True
garnet,3,270,6,1620,0.3,0.00145,4.149,True,0.8333333333333334,0.9330127018922194,0.09967936855888604,0.03,0.03,"arXiv:2408.12433 Sec. 4.1, median, simultaneous",published,0.05040267850025437,0.882610023391965,0.04927669005863167,True,0.9961910563759877,99.61910563759876,1.567683378410869e-08,True
garnet,3,280,6,1680,0.3,0.00145,4.236,True,0.8333333333333334,0.9330127018922194,0.09967936855888604,0.03,0.03,"arXiv:2408.12433 Sec. 4.1, median, simultaneous",published,0.05040267850025437,0.882610023391965,0.04927669005863167,True,0.9971444611240934,99.71444611240933,8.525324442800669e-09,True
garnet,3,290,6,1740,0.3,0.00145,4.3229999999999995,True,0.8333333333333334,0.9330127018922194,0.09967936855888604,0.03,0.03,"arXiv:2408.12433 Sec. 4.1, median, simultaneous",published,0.05040267850025437,0.882610023391965,0.04927669005863167,True,0.9978601994462415,99.78601994462414,4.639001642040149e-09,True
garnet,3,300,6,1800,0.3,0.00145,4.409999999999999,True,0.8333333333333334,0.9330127018922194,0.09967936855888604,0.03,0.03,"arXiv:2408.12433 Sec. 4.1, median, simultaneous",published,0.05040267850025437,0.882610023391965,0.04927669005863167,True,0.9983971694381001,99.83971694381,2.525700907635885e-09,True
garnet,5,10,10,100,0.3,0.00145,3.145,True,0.9,0.9755282581475768,0.0755282581475768,0.03,0.03,"arXiv:2408.12433 Sec. 4.1, median, simultaneous",published,0.05535148924837796,0.9201767688991989,0.020176768899198838,True,0.0023592131680282937,0.23592131680282938,0.3208738883628382,False
garnet,5,20,10,200,0.3,0.00145,3.2899999999999996,True,0.9,0.9755282581475768,0.0755282581475768,0.03,0.03,"arXiv:2408.12433 Sec. 4.1, median, simultaneous",published,0.05535148924837796,0.9201767688991989,0.020176768899198838,True,0.008128053892844088,0.8128053892844088,0.20747760133743684,False
garnet,5,30,10,300,0.3,0.00145,3.4349999999999996,True,0.9,0.9755282581475768,0.0755282581475768,0.03,0.03,"arXiv:2408.12433 Sec. 4.1, median, simultaneous",published,0.05535148924837796,0.9201767688991989,0.020176768899198838,True,0.029935093423452828,2.9935093423452828,0.14391601507425716,False
garnet,5,40,10,400,0.3,0.00145,3.58,True,0.9,0.9755282581475768,0.0755282581475768,0.03,0.03,"arXiv:2408.12433 Sec. 4.1, median, simultaneous",published,0.05535148924837796,0.9201767688991989,0.020176768899198838,True,0.035778524279333965,3.5778524279333963,0.10300689293308062,False
garnet,5,50,10,500,0.3,0.00145,3.725,True,0.9,0.9755282581475768,0.0755282581475768,0.03,0.03,"arXiv:2408.12433 Sec. 4.1, median, simultaneous",published,0.05535148924837796,0.9201767688991989,0.020176768899198838,True,0.05582349353459844,5.582349353459843,0.07508928965901988,False
garnet,5,60,10,600,0.3,0.00145,3.87,True,0.9,0.9755282581475768,0.0755282581475768,0.03,0.03,"arXiv:2408.12433 Sec. 4.1, median, simultaneous",published,0.05535148924837796,0.9201767688991989,0.020176768899198838,True,0.07504577072661942,7.504577072661942,0.05540893119957906,False
garnet,5,70,10,700,0.3,0.00145,4.015,True,0.9,0.9755282581475768,0.0755282581475768,0.03,0.03,"arXiv:2408.12433 Sec. 4.1, median, simultaneous",published,0.05535148924837796,0.9201767688991989,0.020176768899198838,True,0.09285636028695748,9.285636028695748,0.04124623467469901,False
garnet,5,80,10,800,0.3,0.00145,4.16,True,0.9,0.9755282581475768,0.0755282581475768,0.03,0.03,"arXiv:2408.12433 Sec. 4.1, median, simultaneous",published,0.05535148924837796,0.9201767688991989,0.020176768899198838,True,0.1368413787288374,13.684137872883738,0.030907849424011705,False
garnet,5,90,10,900,0.3,0.00145,4.305,True,0.9,0.9755282581475768,0.0755282581475768,0.03,0.03,"arXiv:2408.12433 Sec. 4.1, median, simultaneous",published,0.05535148924837796,0.9201767688991989,0.020176768899198838,True,0.15214454947812503,15.214454947812502,0.023281860732041134,False
garnet,5,100,10,1000,0.3,0.00145,4.449999999999999,True,0.9,0.9755282581475768,0.0755282581475768,0.03,0.03,"arXiv:2408.12433 Sec. 4.1, median, simultaneous",published,0.05535148924837796,0.9201767688991989,0.020176768899198838,True,0.19760034211505095,19.760034211505094,0.01761157467580949,False
garnet,5,110,10,1100,0.3,0.00145,4.595,True,0.9,0.9755282581475768,0.0755282581475768,0.03,0.03,"arXiv:2408.12433 Sec. 4.1, median, simultaneous",published,0.05535148924837796,0.9201767688991989,0.020176768899198838,True,0.20967456867764306,20.967456867764305,0.013368830896564012,False
garnet,5,120,10,1200,0.3,0.00145,4.74,True,0.9,0.9755282581475768,0.0755282581475768,0.03,0.03,"arXiv:2408.12433 Sec. 4.1, median, simultaneous",published,0.05535148924837796,0.9201767688991989,0.020176768899198838,True,0.2541469447980743,25.41469447980743,0.010178034924635013,False
garnet,5,130,10,1300,0.3,0.00145,4.885,True,0.9,0.9755282581475768,0.0755282581475768,0.03,0.03,"arXiv:2408.12433 Sec. 4.1, median, simultaneous",published,0.05535148924837796,0.9201767688991989,0.020176768899198838,True,0.29837053612241654,29.837053612241654,0.007768264323454493,False
garnet,5,140,10,1400,0.3,0.00145,5.03,True,0.9,0.9755282581475768,0.0755282581475768,0.03,0.03,"arXiv:2408.12433 Sec. 4.1, median, simultaneous",published,0.05535148924837796,0.9201767688991989,0.020176768899198838,True,0.305800171459192,30.580017145919204,0.005941915530141058,False
garnet,5,150,10,1500,0.3,0.00145,5.175,True,0.9,0.9755282581475768,0.0755282581475768,0.03,0.03,"arXiv:2408.12433 Sec. 4.1, median, simultaneous",published,0.05535148924837796,0.9201767688991989,0.020176768899198838,True,0.347453906792674,34.7453906792674,0.004553577177619665,False
garnet,5,160,10,1600,0.3,0.00145,5.32,True,0.9,0.9755282581475768,0.0755282581475768,0.03,0.03,"arXiv:2408.12433 Sec. 4.1, median, simultaneous",published,0.05535148924837796,0.9201767688991989,0.020176768899198838,True,0.38785371846216615,38.78537184621661,0.003495469213779167,False
garnet,5,170,10,1700,0.3,0.00145,5.465,True,0.9,0.9755282581475768,0.0755282581475768,0.03,0.03,"arXiv:2408.12433 Sec. 4.1, median, simultaneous",published,0.05535148924837796,0.9201767688991989,0.020176768899198838,True,0.4267183460828344,42.67183460828344,0.0026872256944530408,False
garnet,5,180,10,1800,0.3,0.00145,5.609999999999999,True,0.9,0.9755282581475768,0.0755282581475768,0.03,0.03,"arXiv:2408.12433 Sec. 4.1, median, simultaneous",published,0.05535148924837796,0.9201767688991989,0.020176768899198838,True,0.46386606063182784,46.38660606318278,0.002068621137511084,False
garnet,5,190,10,1900,0.3,0.00145,5.754999999999999,True,0.9,0.9755282581475768,0.0755282581475768,0.03,0.03,"arXiv:2408.12433 Sec. 4.1, median, simultaneous",published,0.05535148924837796,0.9201767688991989,0.020176768899198838,True,0.4991908769772936,49.91908769772936,0.0015943309546292699,False
garnet,5,200,10,2000,0.3,0.00145,5.8999999999999995,True,0.9,0.9755282581475768,0.0755282581475768,0.03,0.03,"arXiv:2408.12433 Sec. 4.1, median, simultaneous",published,0.05535148924837796,0.9201767688991989,0.020176768899198838,True,0.5326437060477083,53.264370604770825,0.0012301201606154156,True
garnet,5,210,10,2100,0.3,0.00145,6.045,True,0.9,0.9755282581475768,0.0755282581475768,0.03,0.03,"arXiv:2408.12433 Sec. 4.1, median, simultaneous",published,0.05535148924837796,0.9201767688991989,0.020176768899198838,True,0.5642176261897007,56.42176261897007,0.000950048354237718,True
garnet,5,220,10,2200,0.3,0.00145,6.1899999999999995,True,0.9,0.9755282581475768,0.0755282581475768,0.03,0.03,"arXiv:2408.12433 Sec. 4.1, median, simultaneous",published,0.05535148924837796,0.9201767688991989,0.020176768899198838,True,0.5939364803967058,59.39364803967058,0.0007344058543977221,True
garnet,5,230,10,2300,0.3,0.00145,6.334999999999999,True,0.9,0.9755282581475768,0.0755282581475768,0.03,0.03,"arXiv:2408.12433 Sec. 4.1, median, simultaneous",published,0.05535148924837796,0.9201767688991989,0.020176768899198838,True,0.6218461085329141,62.18461085329141,0.000568180786177708,True
garnet,5,240,10,2400,0.3,0.00145,6.479999999999999,True,0.9,0.9755282581475768,0.0755282581475768,0.03,0.03,"arXiv:2408.12433 Sec. 4.1, median, simultaneous",published,0.05535148924837796,0.9201767688991989,0.020176768899198838,True,0.6480076432648303,64.80076432648303,0.0004399147912051025,True
garnet,5,250,10,2500,0.3,0.00145,6.625,True,0.9,0.9755282581475768,0.0755282581475768,0.03,0.03,"arXiv:2408.12433 Sec. 4.1, median, simultaneous",published,0.05535148924837796,0.9201767688991989,0.020176768899198838,True,0.6724924108503662,67.24924108503662,0.00034084511729325713,True
garnet,5,260,10,2600,0.3,0.00145,6.7700000000000005,True,0.9,0.9755282581475768,0.0755282581475768,0.03,0.03,"arXiv:2408.12433 Sec. 4.1, median, simultaneous",published,0.05535148924837796,0.9201767688991989,0.020176768899198838,True,0.6953780742452311,69.53780742452311,0.00026425897447190596,True
garnet,5,270,10,2700,0.3,0.00145,6.915,True,0.9,0.9755282581475768,0.0755282581475768,0.03,0.03,"arXiv:2408.12433 Sec. 4.1, median, simultaneous",published,0.05535148924837796,0.9201767688991989,0.020176768899198838,True,0.7167457351329019,71.67457351329018,0.00020500602040560948,True
garnet,5,280,10,2800,0.3,0.00145,7.06,True,0.9,0.9755282581475768,0.0755282581475768,0.03,0.03,"arXiv:2408.12433 Sec. 4.1, median, simultaneous",published,0.05535148924837796,0.9201767688991989,0.020176768899198838,True,0.7366777745513042,73.66777745513042,0.00015912916518831486,True
garnet,5,290,10,2900,0.3,0.00145,7.204999999999999,True,0.9,0.9755282581475768,0.0755282581475768,0.03,0.03,"arXiv:2408.12433 Sec. 4.1, median, simultaneous",published,0.05535148924837796,0.9201767688991989,0.020176768899198838,True,0.7759879052229061,77.5987905222906,9.524881315736364e-05,True
garnet,5,300,10,3000,0.3,0.00145,7.349999999999999,True,0.9,0.9755282581475768,0.0755282581475768,0.03,0.03,"arXiv:2408.12433 Sec. 4.1, median, simultaneous",published,0.05535148924837796,0.9201767688991989,0.020176768899198838,True,0.7920945405460225,79.20945405460225,7.404384498712223e-05,True
garnet,7,10,14,140,0.3,0.00145,4.4030000000000005,True,0.9285714285714286,0.9874639560909119,0.05889252751948326,0.03,0.03,"arXiv:2408.12433 Sec. 4.1, median, simultaneous",published,0.05674080448898222,0.9307231516019296,0.0021517230305010404,True,0.0004926789067243661,0.049267890672436615,1.0,False
garnet,7,20,14,280,0.3,0.00145,4.606,True,0.9285714285714286,0.9874639560909119,0.05889252751948326,0.03,0.03,"arXiv:2408.12433 Sec. 4.1, median, simultaneous",published,0.05674080448898222,0.9307231516019296,0.0021517230305010404,True,0.0008618139971191891,0.0861813997119189,0.46694659070591543,False
garnet,7,30,14,420,0.3,0.00145,4.808999999999999,True,0.9285714285714286,0.9874639560909119,0.05889252751948326,0.03,0.03,"arXiv:2408.12433 Sec. 4.1, median, simultaneous",published,0.05674080448898222,0.9307231516019296,0.0021517230305010404,True,0.001120615107833325,0.11206151078333251,0.4730094988282123,False
garnet,7,40,14,560,0.3,0.00145,5.012,True,0.9285714285714286,0.9874639560909119,0.05889252751948326,0.03,0.03,"arXiv:2408.12433 Sec. 4.1, median, simultaneous",published,0.05674080448898222,0.9307231516019296,0.0021517230305010404,True,0.0018504824641133752,0.18504824641133752,0.4766245082001028,False
garnet,7,50,14,700,0.3,0.00145,5.215,True,0.9285714285714286,0.9874639560909119,0.05889252751948326,0.03,0.03,"arXiv:2408.12433 Sec. 4.1, median, simultaneous",published,0.05674080448898222,0.9307231516019296,0.0021517230305010404,True,0.0022616662596916595,0.22616662596916595,0.4207308855305203,False
garnet,7,60,14,840,0.3,0.00145,5.418,True,0.9285714285714286,0.9874639560909119,0.05889252751948326,0.03,0.03,"arXiv:2408.12433 Sec. 4.1, median, simultaneous",published,0.05674080448898222,0.9307231516019296,0.0021517230305010404,True,0.0024057111165119304,0.24057111165119305,0.4276086790135376,False
garnet,7,70,14,980,0.3,0.00145,5.6209999999999996,True,0.9285714285714286,0.9874639560909119,0.05889252751948326,0.03,0.03,"arXiv:2408.12433 Sec. 4.1, median, simultaneous",published,0.05674080448898222,0.9307231516019296,0.0021517230305010404,True,0.002372598928191636,0.2372598928191636,0.4329595727948533,False
garnet,7,80,14,1120,0.3,0.00145,5.824,True,0.9285714285714286,0.9874639560909119,0.05889252751948326,0.03,0.03,"arXiv:2408.12433 Sec. 4.1, median, simultaneous",published,0.05674080448898222,0.9307231516019296,0.0021517230305010404,True,0.0022356028652549247,0.22356028652549248,0.43727602759701906,False
garnet,7,90,14,1260,0.3,0.00145,6.027,True,0.9285714285714286,0.9874639560909119,0.05889252751948326,0.03,0.03,"arXiv:2408.12433 Sec. 4.1, median, simultaneous",published,0.05674080448898222,0.9307231516019296,0.0021517230305010404,True,0.0029930461898512437,0.2993046189851244,0.39784918138482644,False
garnet,7,100,14,1400,0.3,0.00145,6.2299999999999995,True,0.9285714285714286,0.9874639560909119,0.05889252751948326,0.03,0.03,"arXiv:2408.12433 Sec. 4.1, median, simultaneous",published,0.05674080448898222,0.9307231516019296,0.0021517230305010404,True,0.0026380819044670334,0.26380819044670334,0.4030236632979486,False
garnet,7,110,14,1540,0.3,0.00145,6.433,True,0.9285714285714286,0.9874639560909119,0.05889252751948326,0.03,0.03,"arXiv:2408.12433 Sec. 4.1, median, simultaneous",published,0.05674080448898222,0.9307231516019296,0.0021517230305010404,True,0.003221994188093651,0.3221994188093651,0.4074839578517302,False
garnet,7,120,14,1680,0.3,0.00145,6.635999999999999,True,0.9285714285714286,0.9874639560909119,0.05889252751948326,0.03,0.03,"arXiv:2408.12433 Sec. 4.1, median, simultaneous",published,0.05674080448898222,0.9307231516019296,0.0021517230305010404,True,0.0037797994841937167,0.37797994841937166,0.3746940739273145,False
garnet,7,130,14,1820,0.3,0.00145,6.8389999999999995,True,0.9285714285714286,0.9874639560909119,0.05889252751948326,0.03,0.03,"arXiv:2408.12433 Sec. 4.1, median, simultaneous",published,0.05674080448898222,0.9307231516019296,0.0021517230305010404,True,0.0031934968689162385,0.31934968689162385,0.37949462756743085,False
garnet,7,140,14,1960,0.3,0.00145,7.042,True,0.9285714285714286,0.9874639560909119,0.05889252751948326,0.03,0.03,"arXiv:2408.12433 Sec. 4.1, median, simultaneous",published,0.05674080448898222,0.9307231516019296,0.0021517230305010404,True,0.0036031193987496714,0.3603119398749671,0.3837827612688462,False
garnet,7,150,14,2100,0.3,0.00145,7.244999999999999,True,0.9285714285714286,0.9874639560909119,0.05889252751948326,0.03,0.03,"arXiv:2408.12433 Sec. 4.1, median, simultaneous",published,0.05674080448898222,0.9307231516019296,0.0021517230305010404,True,0.003980795192145879,0.3980795192145879,0.3553600965215131,False
garnet,7,160,14,2240,0.3,0.00145,7.448,True,0.9285714285714286,0.9874639560909119,0.05889252751948326,0.03,0.03,"arXiv:2408.12433 Sec. 4.1, median, simultaneous",published,0.05674080448898222,0.9307231516019296,0.0021517230305010404,True,0.004324225304221906,0.4324225304221906,0.359794695319008,False
garnet,7,170,14,2380,0.3,0.00145,7.651,True,0.9285714285714286,0.9874639560909119,0.05889252751948326,0.03,0.03,"arXiv:2408.12433 Sec. 4.1, median, simultaneous",published,0.05674080448898222,0.9307231516019296,0.0021517230305010404,True,0.00359058177116513,0.359058177116513,0.3638451647916622,False
garnet,7,180,14,2520,0.3,0.00145,7.853999999999999,True,0.9285714285714286,0.9874639560909119,0.05889252751948326,0.03,0.03,"arXiv:2408.12433 Sec. 4.1, median, simultaneous",published,0.05674080448898222,0.9307231516019296,0.0021517230305010404,True,0.0038388011919184453,0.3838801191918445,0.3675639084634807,False
garnet,7,190,14,2660,0.3,0.00145,8.056999999999999,True,0.9285714285714286,0.9874639560909119,0.05889252751948326,0.03,0.03,"arXiv:2408.12433 Sec. 4.1, median, simultaneous",published,0.05674080448898222,0.9307231516019296,0.0021517230305010404,True,0.004060760176388367,0.40607601763883666,0.3426956689788553,False
garnet,7,200,14,2800,0.3,0.00145,8.26,True,0.9285714285714286,0.9874639560909119,0.05889252751948326,0.03,0.03,"arXiv:2408.12433 Sec. 4.1, median, simultaneous",published,0.05674080448898222,0.9307231516019296,0.0021517230305010404,True,0.004257076293983369,0.4257076293983369,0.34650603505253214,False
garnet,7,210,14,2940,0.3,0.00145,8.463000000000001,True,0.9285714285714286,0.9874639560909119,0.05889252751948326,0.03,0.03,"arXiv:2408.12433 Sec. 4.1, median, simultaneous",published,0.05674080448898222,0.9307231516019296,0.0021517230305010404,True,0.004428740836648379,0.4428740836648379,0.350052540140757,False
garnet,7,220,14,3080,0.3,0.00145,8.666,True,0.9285714285714286,0.9874639560909119,0.05889252751948326,0.03,0.03,"arXiv:2408.12433 Sec. 4.1, median, simultaneous",published,0.05674080448898222,0.9307231516019296,0.0021517230305010404,True,0.004576986472712241,0.45769864727122406,0.3275072555036569,False
garnet,7,230,14,3220,0.3,0.00145,8.869,True,0.9285714285714286,0.9874639560909119,0.05889252751948326,0.03,0.03,"arXiv:2408.12433 Sec. 4.1, median, simultaneous",published,0.05674080448898222,0.9307231516019296,0.0021517230305010404,True,0.004703189719405867,0.47031897194058675,0.33109251694232916,False
garnet,7,240,14,3360,0.3,0.00145,9.072,True,0.9285714285714286,0.9874639560909119,0.05889252751948326,0.03,0.03,"arXiv:2408.12433 Sec. 4.1, median, simultaneous",published,0.05674080448898222,0.9307231516019296,0.0021517230305010404,True,0.004808799918045532,0.4808799918045532,0.33446345944630057,False
garnet,7,250,14,3500,0.3,0.00145,9.275,True,0.9285714285714286,0.9874639560909119,0.05889252751948326,0.03,0.03,"arXiv:2408.12433 Sec. 4.1, median, simultaneous",published,0.05674080448898222,0.9307231516019296,0.0021517230305010404,True,0.004895288204961075,0.4895288204961075,0.3137983471757589,False
garnet,7,260,14,3640,0.3,0.00145,9.478000000000002,True,0.9285714285714286,0.9874639560909119,0.05889252751948326,0.03,0.03,"arXiv:2408.12433 Sec. 4.1, median, simultaneous",published,0.05674080448898222,0.9307231516019296,0.0021517230305010404,True,0.006042160116253335,0.6042160116253334,0.31717748975143234,False
garnet,7,270,14,3780,0.3,0.00145,9.681000000000001,True,0.9285714285714286,0.9874639560909119,0.05889252751948326,0.03,0.03,"arXiv:2408.12433 Sec. 4.1, median, simultaneous",published,0.05674080448898222,0.9307231516019296,0.0021517230305010404,True,0.006081417696756431,0.608141769675643,0.3203794916177285,False
garnet,7,280,14,3920,0.3,0.00145,9.884,True,0.9285714285714286,0.9874639560909119,0.05889252751948326,0.03,0.03,"arXiv:2408.12433 Sec. 4.1, median, simultaneous",published,0.05674080448898222,0.9307231516019296,0.0021517230305010404,True,0.006104050383336978,0.6104050383336979,0.32341927360938333,False
garnet,7,290,14,4060,0.3,0.00145,10.087,True,0.9285714285714286,0.9874639560909119,0.05889252751948326,0.03,0.03,"arXiv:2408.12433 Sec. 4.1, median, simultaneous",published,0.05674080448898222,0.9307231516019296,0.0021517230305010404,True,0.006111656660594527,0.6111656660594527,0.30447090276536487,False
garnet,7,300,14,4200,0.3,0.00145,10.29,True,0.9285714285714286,0.9874639560909119,0.05889252751948326,0.03,0.03,"arXiv:2408.12433 Sec. 4.1, median, simultaneous",published,0.05674080448898222,0.9307231516019296,0.0021517230305010404,True,0.006105723096508797,0.6105723096508797,0.30751405458162473,False
garnet,9,10,18,180,0.3,0.00145,5.661,True,0.9444444444444444,0.9924038765061041,0.047959432061659646,0.03,0.03,"arXiv:2408.12433 Sec. 4.1, median, simultaneous",published,0.05731581122531049,0.9350880652807936,-0.009356379163650841,False,0.0,0.0,1.0,False
garnet,9,20,18,360,0.3,0.00145,5.921999999999999,True,0.9444444444444444,0.9924038765061041,0.047959432061659646,0.03,0.03,"arXiv:2408.12433 Sec. 4.1, median, simultaneous",published,0.05731581122531049,0.9350880652807936,-0.009356379163650841,False,0.0,0.0,1.0,False
garnet,9,30,18,540,0.3,0.00145,6.183,True,0.9444444444444444,0.9924038765061041,0.047959432061659646,0.03,0.03,"arXiv:2408.12433 Sec. 4.1, median, simultaneous",published,0.05731581122531049,0.9350880652807936,-0.009356379163650841,False,0.0,0.0,1.0,False
garnet,9,40,18,720,0.3,0.00145,6.444,True,0.9444444444444444,0.9924038765061041,0.047959432061659646,0.03,0.03,"arXiv:2408.12433 Sec. 4.1, median, simultaneous",published,0.05731581122531049,0.9350880652807936,-0.009356379163650841,False,0.0,0.0,1.0,False
garnet,9,50,18,900,0.3,0.00145,6.705,True,0.9444444444444444,0.9924038765061041,0.047959432061659646,0.03,0.03,"arXiv:2408.12433 Sec. 4.1, median, simultaneous",published,0.05731581122531049,0.9350880652807936,-0.009356379163650841,False,0.0,0.0,1.0,False
garnet,9,60,18,1080,0.3,0.00145,6.966,True,0.9444444444444444,0.9924038765061041,0.047959432061659646,0.03,0.03,"arXiv:2408.12433 Sec. 4.1, median, simultaneous",published,0.05731581122531049,0.9350880652807936,-0.009356379163650841,False,0.0,0.0,1.0,False
garnet,9,70,18,1260,0.3,0.00145,7.226999999999999,True,0.9444444444444444,0.9924038765061041,0.047959432061659646,0.03,0.03,"arXiv:2408.12433 Sec. 4.1, median, simultaneous",published,0.05731581122531049,0.9350880652807936,-0.009356379163650841,False,0.0,0.0,1.0,False
garnet,9,80,18,1440,0.3,0.00145,7.4879999999999995,True,0.9444444444444444,0.9924038765061041,0.047959432061659646,0.03,0.03,"arXiv:2408.12433 Sec. 4.1, median, simultaneous",published,0.05731581122531049,0.9350880652807936,-0.009356379163650841,False,0.0,0.0,1.0,False
garnet,9,90,18,1620,0.3,0.00145,7.749,True,0.9444444444444444,0.9924038765061041,0.047959432061659646,0.03,0.03,"arXiv:2408.12433 Sec. 4.1, median, simultaneous",published,0.05731581122531049,0.9350880652807936,-0.009356379163650841,False,0.0,0.0,1.0,False
garnet,9,100,18,1800,0.3,0.00145,8.01,True,0.9444444444444444,0.9924038765061041,0.047959432061659646,0.03,0.03,"arXiv:2408.12433 Sec. 4.1, median, simultaneous",published,0.05731581122531049,0.9350880652807936,-0.009356379163650841,False,0.0,0.0,1.0,False
garnet,9,110,18,1980,0.3,0.00145,8.270999999999999,True,0.9444444444444444,0.9924038765061041,0.047959432061659646,0.03,0.03,"arXiv:2408.12433 Sec. 4.1, median, simultaneous",published,0.05731581122531049,0.9350880652807936,-0.009356379163650841,False,0.0,0.0,1.0,False
garnet,9,120,18,2160,0.3,0.00145,8.532,True,0.9444444444444444,0.9924038765061041,0.047959432061659646,0.03,0.03,"arXiv:2408.12433 Sec. 4.1, median, simultaneous",published,0.05731581122531049,0.9350880652807936,-0.009356379163650841,False,0.0,0.0,1.0,False
garnet,9,130,18,2340,0.3,0.00145,8.793,True,0.9444444444444444,0.9924038765061041,0.047959432061659646,0.03,0.03,"arXiv:2408.12433 Sec. 4.1, median, simultaneous",published,0.05731581122531049,0.9350880652807936,-0.009356379163650841,False,0.0,0.0,1.0,False
garnet,9,140,18,2520,0.3,0.00145,9.054,True,0.9444444444444444,0.9924038765061041,0.047959432061659646,0.03,0.03,"arXiv:2408.12433 Sec. 4.1, median, simultaneous",published,0.05731581122531049,0.9350880652807936,-0.009356379163650841,False,0.0,0.0,1.0,False
garnet,9,150,18,2700,0.3,0.00145,9.315,True,0.9444444444444444,0.9924038765061041,0.047959432061659646,0.03,0.03,"arXiv:2408.12433 Sec. 4.1, median, simultaneous",published,0.05731581122531049,0.9350880652807936,-0.009356379163650841,False,0.0,0.0,1.0,False
garnet,9,160,18,2880,0.3,0.00145,9.576,True,0.9444444444444444,0.9924038765061041,0.047959432061659646,0.03,0.03,"arXiv:2408.12433 Sec. 4.1, median, simultaneous",published,0.05731581122531049,0.9350880652807936,-0.009356379163650841,False,0.0,0.0,1.0,False
garnet,9,170,18,3060,0.3,0.00145,9.837,True,0.9444444444444444,0.9924038765061041,0.047959432061659646,0.03,0.03,"arXiv:2408.12433 Sec. 4.1, median, simultaneous",published,0.05731581122531049,0.9350880652807936,-0.009356379163650841,False,0.0,0.0,1.0,False
garnet,9,180,18,3240,0.3,0.00145,10.097999999999999,True,0.9444444444444444,0.9924038765061041,0.047959432061659646,0.03,0.03,"arXiv:2408.12433 Sec. 4.1, median, simultaneous",published,0.05731581122531049,0.9350880652807936,-0.009356379163650841,False,0.0,0.0,1.0,False
garnet,9,190,18,3420,0.3,0.00145,10.358999999999998,True,0.9444444444444444,0.9924038765061041,0.047959432061659646,0.03,0.03,"arXiv:2408.12433 Sec. 4.1, median, simultaneous",published,0.05731581122531049,0.9350880652807936,-0.009356379163650841,False,0.0,0.0,1.0,False
garnet,9,200,18,3600,0.3,0.00145,10.62,True,0.9444444444444444,0.9924038765061041,0.047959432061659646,0.03,0.03,"arXiv:2408.12433 Sec. 4.1, median, simultaneous",published,0.05731581122531049,0.9350880652807936,-0.009356379163650841,False,0.0,0.0,1.0,False
garnet,9,210,18,3780,0.3,0.00145,10.881,True,0.9444444444444444,0.9924038765061041,0.047959432061659646,0.03,0.03,"arXiv:2408.12433 Sec. 4.1, median, simultaneous",published,0.05731581122531049,0.9350880652807936,-0.009356379163650841,False,0.0,0.0,1.0,False
garnet,9,220,18,3960,0.3,0.00145,11.142,True,0.9444444444444444,0.9924038765061041,0.047959432061659646,0.03,0.03,"arXiv:2408.12433 Sec. 4.1, median, simultaneous",published,0.05731581122531049,0.9350880652807936,-0.009356379163650841,False,0.0,0.0,1.0,False
garnet,9,230,18,4140,0.3,0.00145,11.402999999999999,True,0.9444444444444444,0.9924038765061041,0.047959432061659646,0.03,0.03,"arXiv:2408.12433 Sec. 4.1, median, simultaneous",published,0.05731581122531049,0.9350880652807936,-0.009356379163650841,False,0.0,0.0,1.0,False
garnet,9,240,18,4320,0.3,0.00145,11.663999999999998,True,0.9444444444444444,0.9924038765061041,0.047959432061659646,0.03,0.03,"arXiv:2408.12433 Sec. 4.1, median, simultaneous",published,0.05731581122531049,0.9350880652807936,-0.009356379163650841,False,0.0,0.0,1.0,False
garnet,9,250,18,4500,0.3,0.00145,11.924999999999999,True,0.9444444444444444,0.9924038765061041,0.047959432061659646,0.03,0.03,"arXiv:2408.12433 Sec. 4.1, median, simultaneous",published,0.05731581122531049,0.9350880652807936,-0.009356379163650841,False,0.0,0.0,1.0,False
garnet,9,260,18,4680,0.3,0.00145,12.186,True,0.9444444444444444,0.9924038765061041,0.047959432061659646,0.03,0.03,"arXiv:2408.12433 Sec. 4.1, median, simultaneous",published,0.05731581122531049,0.9350880652807936,-0.009356379163650841,False,0.0,0.0,1.0,False
garnet,9,270,18,4860,0.3,0.00145,12.447,True,0.9444444444444444,0.9924038765061041,0.047959432061659646,0.03,0.03,"arXiv:2408.12433 Sec. 4.1, median, simultaneous",published,0.05731581122531049,0.9350880652807936,-0.009356379163650841,False,0.0,0.0,1.0,False
garnet,9,280,18,5040,0.3,0.00145,12.707999999999998,True,0.9444444444444444,0.9924038765061041,0.047959432061659646,0.03,0.03,"arXiv:2408.12433 Sec. 4.1, median, simultaneous",published,0.05731581122531049,0.9350880652807936,-0.009356379163650841,False,0.0,0.0,1.0,False
garnet,9,290,18,5220,0.3,0.00145,12.968999999999998,True,0.9444444444444444,0.9924038765061041,0.047959432061659646,0.03,0.03,"arXiv:2408.12433 Sec. 4.1, median, simultaneous",published,0.05731581122531049,0.9350880652807936,-0.009356379163650841,False,0.0,0.0,1.0,False
garnet,9,300,18,5400,0.3,0.00145,13.229999999999997,True,0.9444444444444444,0.9924038765061041,0.047959432061659646,0.03,0.03,"arXiv:2408.12433 Sec. 4.1, median, simultaneous",published,0.05731581122531049,0.9350880652807936,-0.009356379163650841,False,0.0,0.0,1.0,False
garnet,11,10,22,220,0.3,0.00145,6.9190000000000005,True,0.9545454545454546,0.9949107209404663,0.0403652663950117,0.03,0.03,"arXiv:2408.12433 Sec. 4.1, median, simultaneous",published,0.05760760791747033,0.937303113022996,-0.017242341522458626,False,0.0,0.0,1.0,False
garnet,11,20,22,440,0.3,0.00145,7.2379999999999995,True,0.9545454545454546,0.9949107209404663,0.0403652663950117,0.03,0.03,"arXiv:2408.12433 Sec. 4.1, median, simultaneous",published,0.05760760791747033,0.937303113022996,-0.017242341522458626,False,0.0,0.0,1.0,False
garnet,11,30,22,660,0.3,0.00145,7.5569999999999995,True,0.9545454545454546,0.9949107209404663,0.0403652663950117,0.03,0.03,"arXiv:2408.12433 Sec. 4.1, median, simultaneous",published,0.05760760791747033,0.937303113022996,-0.017242341522458626,False,0.0,0.0,1.0,False
garnet,11,40,22,880,0.3,0.00145,7.8759999999999994,True,0.9545454545454546,0.9949107209404663,0.0403652663950117,0.03,0.03,"arXiv:2408.12433 Sec. 4.1, median, simultaneous",published,0.05760760791747033,0.937303113022996,-0.017242341522458626,False,0.0,0.0,1.0,False
garnet,11,50,22,1100,0.3,0.00145,8.195,True,0.9545454545454546,0.9949107209404663,0.0403652663950117,0.03,0.03,"arXiv:2408.12433 Sec. 4.1, median, simultaneous",published,0.05760760791747033,0.937303113022996,-0.017242341522458626,False,0.0,0.0,1.0,False
garnet,11,60,22,1320,0.3,0.00145,8.514,True,0.9545454545454546,0.9949107209404663,0.0403652663950117,0.03,0.03,"arXiv:2408.12433 Sec. 4.1, median, simultaneous",published,0.05760760791747033,0.937303113022996,-0.017242341522458626,False,0.0,0.0,1.0,False
garnet,11,70,22,1540,0.3,0.00145,8.832999999999998,True,0.9545454545454546,0.9949107209404663,0.0403652663950117,0.03,0.03,"arXiv:2408.12433 Sec. 4.1, median, simultaneous",published,0.05760760791747033,0.937303113022996,-0.017242341522458626,False,0.0,0.0,1.0,False
garnet,11,80,22,1760,0.3,0.00145,9.152,True,0.9545454545454546,0.9949107209404663,0.0403652663950117,0.03,0.03,"arXiv:2408.12433 Sec. 4.1, median, simultaneous",published,0.05760760791747033,0.937303113022996,-0.017242341522458626,False,0.0,0.0,1.0,False
garnet,11,90,22,1980,0.3,0.00145,9.471,True,0.9545454545454546,0.9949107209404663,0.0403652663950117,0.03,0.03,"arXiv:2408.12433 Sec. 4.1, median, simultaneous",published,0.05760760791747033,0.937303113022996,-0.017242341522458626,False,0.0,0.0,1.0,False
garnet,11,100,22,2200,0.3,0.00145,9.79,True,0.9545454545454546,0.9949107209404663,0.0403652663950117,0.03,0.03,"arXiv:2408.12433 Sec. 4.1, median, simultaneous",published,0.05760760791747033,0.937303113022996,-0.017242341522458626,False,0.0,0.0,1.0,False
garnet,11,110,22,2420,0.3,0.00145,10.109,True,0.9545454545454546,0.9949107209404663,0.0403652663950117,0.03,0.03,"arXiv:2408.12433 Sec. 4.1, median, simultaneous",published,0.05760760791747033,0.937303113022996,-0.017242341522458626,False,0.0,0.0,1.0,False
garnet,11,120,22,2640,0.3,0.00145,10.427999999999999,True,0.9545454545454546,0.9949107209404663,0.0403652663950117,0.03,0.03,"arXiv:2408.12433 Sec. 4.1, median, simultaneous",published,0.05760760791747033,0.937303113022996,-0.017242341522458626,False,0.0,0.0,1.0,False
garnet,11,130,22,2860,0.3,0.00145,10.747,True,0.9545454545454546,0.9949107209404663,0.0403652663950117,0.03,0.03,"arXiv:2408.12433 Sec. 4.1, median, simultaneous",published,0.05760760791747033,0.937303113022996,-0.017242341522458626,False,0.0,0.0,1.0,False
garnet,11,140,22,3080,0.3,0.00145,11.066,True,0.9545454545454546,0.9949107209404663,0.0403652663950117,0.03,0.03,"arXiv:2408.12433 Sec. 4.1, median, simultaneous",published,0.05760760791747033,0.937303113022996,-0.017242341522458626,False,0.0,0.0,1.0,False
garnet,11,150,22,3300,0.3,0.00145,11.385,True,0.9545454545454546,0.9949107209404663,0.0403652663950117,0.03,0.03,"arXiv:2408.12433 Sec. 4.1, median, simultaneous",published,0.05760760791747033,0.937303113022996,-0.017242341522458626,False,0.0,0.0,1.0,False
garnet,11,160,22,3520,0.3,0.00145,11.704,True,0.9545454545454546,0.9949107209404663,0.0403652663950117,0.03,0.03,"arXiv:2408.12433 Sec. 4.1, median, simultaneous",published,0.05760760791747033,0.937303113022996,-0.017242341522458626,False,0.0,0.0,1.0,False
garnet,11,170,22,3740,0.3,0.00145,12.023,True,0.9545454545454546,0.9949107209404663,0.0403652663950117,0.03,0.03,"arXiv:2408.12433 Sec. 4.1, median, simultaneous",published,0.05760760791747033,0.937303113022996,-0.017242341522458626,False,0.0,0.0,1.0,False
garnet,11,180,22,3960,0.3,0.00145,12.341999999999999,True,0.9545454545454546,0.9949107209404663,0.0403652663950117,0.03,0.03,"arXiv:2408.12433 Sec. 4.1, median, simultaneous",published,0.05760760791747033,0.937303113022996,-0.017242341522458626,False,0.0,0.0,1.0,False
garnet,11,190,22,4180,0.3,0.00145,12.660999999999998,True,0.9545454545454546,0.9949107209404663,0.0403652663950117,0.03,0.03,"arXiv:2408.12433 Sec. 4.1, median, simultaneous",published,0.05760760791747033,0.937303113022996,-0.017242341522458626,False,0.0,0.0,1.0,False
garnet,11,200,22,4400,0.3,0.00145,12.979999999999999,True,0.9545454545454546,0.9949107209404663,0.0403652663950117,0.03,0.03,"arXiv:2408.12433 Sec. 4.1, median, simultaneous",published,0.05760760791747033,0.937303113022996,-0.017242341522458626,False,0.0,0.0,1.0,False
garnet,11,210,22,4620,0.3,0.00145,13.299000000000001,True,0.9545454545454546,0.9949107209404663,0.0403652663950117,0.03,0.03,"arXiv:2408.12433 Sec. 4.1, median, simultaneous",published,0.05760760791747033,0.937303113022996,-0.017242341522458626,False,0.0,0.0,1.0,False
garnet,11,220,22,4840,0.3,0.00145,13.618,True,0.9545454545454546,0.9949107209404663,0.0403652663950117,0.03,0.03,"arXiv:2408.12433 Sec. 4.1, median, simultaneous",published,0.05760760791747033,0.937303113022996,-0.017242341522458626,False,0.0,0.0,1.0,False
garnet,11,230,22,5060,0.3,0.00145,13.937,True,0.9545454545454546,0.9949107209404663,0.0403652663950117,0.03,0.03,"arXiv:2408.12433 Sec. 4.1, median, simultaneous",published,0.05760760791747033,0.937303113022996,-0.017242341522458626,False,0.0,0.0,1.0,False
garnet,11,240,22,5280,0.3,0.00145,14.255999999999998,True,0.9545454545454546,0.9949107209404663,0.0403652663950117,0.03,0.03,"arXiv:2408.12433 Sec. 4.1, median, simultaneous",published,0.05760760791747033,0.937303113022996,-0.017242341522458626,False,0.0,0.0,1.0,False
garnet,11,250,22,5500,0.3,0.00145,14.575,True,0.9545454545454546,0.9949107209404663,0.0403652663950117,0.03,0.03,"arXiv:2408.12433 Sec. 4.1, median, simultaneous",published,0.05760760791747033,0.937303113022996,-0.017242341522458626,False,0.0,0.0,1.0,False
garnet,11,260,22,5720,0.3,0.00145,14.894000000000002,True,0.9545454545454546,0.9949107209404663,0.0403652663950117,0.03,0.03,"arXiv:2408.12433 Sec. 4.1, median, simultaneous",published,0.05760760791747033,0.937303113022996,-0.017242341522458626,False,0.0,0.0,1.0,False
garnet,11,270,22,5940,0.3,0.00145,15.213000000000001,True,0.9545454545454546,0.9949107209404663,0.0403652663950117,0.03,0.03,"arXiv:2408.12433 Sec. 4.1, median, simultaneous",published,0.05760760791747033,0.937303113022996,-0.017242341522458626,False,0.0,0.0,1.0,False
garnet,11,280,22,6160,0.3,0.00145,15.532,True,0.9545454545454546,0.9949107209404663,0.0403652663950117,0.03,0.03,"arXiv:2408.12433 Sec. 4.1, median, simultaneous",published,0.05760760791747033,0.937303113022996,-0.017242341522458626,False,0.0,0.0,1.0,False
garnet,11,290,22,6380,0.3,0.00145,15.850999999999999,True,0.9545454545454546,0.9949107209404663,0.0403652663950117,0.03,0.03,"arXiv:2408.12433 Sec. 4.1, median, simultaneous",published,0.05760760791747033,0.937303113022996,-0.017242341522458626,False,0.0,0.0,1.0,False
garnet,11,300,22,6600,0.3,0.00145,16.169999999999998,True,0.9545454545454546,0.9949107209404663,0.0403652663950117,0.03,0.03,"arXiv:2408.12433 Sec. 4.1, median, simultaneous",published,0.05760760791747033,0.937303113022996,-0.017242341522458626,False,0.0,0.0,1.0,False
garnet,13,10,26,260,0.3,0.00145,8.177,True,0.9615384615384616,0.996354437049027,0.03481597551056548,0.03,0.03,"arXiv:2408.12433 Sec. 4.1, median, simultaneous",published,0.05777565647250682,0.9385787805765202,-0.022959680961941342,False,0.0,0.0,1.0,False
garnet,13,20,26,520,0.3,0.00145,8.553999999999998,True,0.9615384615384616,0.996354437049027,0.03481597551056548,0.03,0.03,"arXiv:2408.12433 Sec. 4.1, median, simultaneous",published,0.05777565647250682,0.9385787805765202,-0.022959680961941342,False,0.0,0.0,1.0,False
garnet,13,30,26,780,0.3,0.00145,8.931,True,0.9615384615384616,0.996354437049027,0.03481597551056548,0.03,0.03,"arXiv:2408.12433 Sec. 4.1, median, simultaneous",published,0.05777565647250682,0.9385787805765202,-0.022959680961941342,False,0.0,0.0,1.0,False
garnet,13,40,26,1040,0.3,0.00145,9.308,True,0.9615384615384616,0.996354437049027,0.03481597551056548,0.03,0.03,"arXiv:2408.12433 Sec. 4.1, median, simultaneous",published,0.05777565647250682,0.9385787805765202,-0.022959680961941342,False,0.0,0.0,1.0,False
garnet,13,50,26,1300,0.3,0.00145,9.685,True,0.9615384615384616,0.996354437049027,0.03481597551056548,0.03,0.03,"arXiv:2408.12433 Sec. 4.1, median, simultaneous",published,0.05777565647250682,0.9385787805765202,-0.022959680961941342,False,0.0,0.0,1.0,False
garnet,13,60,26,1560,0.3,0.00145,10.062000000000001,True,0.9615384615384616,0.996354437049027,0.03481597551056548,0.03,0.03,"arXiv:2408.12433 Sec. 4.1, median, simultaneous",published,0.05777565647250682,0.9385787805765202,-0.022959680961941342,False,0.0,0.0,1.0,False
garnet,13,70,26,1820,0.3,0.00145,10.439,True,0.9615384615384616,0.996354437049027,0.03481597551056548,0.03,0.03,"arXiv:2408.12433 Sec. 4.1, median, simultaneous",published,0.05777565647250682,0.9385787805765202,-0.022959680961941342,False,0.0,0.0,1.0,False
garnet,13,80,26,2080,0.3,0.00145,10.815999999999999,True,0.9615384615384616,0.996354437049027,0.03481597551056548,0.03,0.03,"arXiv:2408.12433 Sec. 4.1, median, simultaneous",published,0.05777565647250682,0.9385787805765202,-0.022959680961941342,False,0.0,0.0,1.0,False
garnet,13,90,26,2340,0.3,0.00145,11.193,True,0.9615384615384616,0.996354437049027,0.03481597551056548,0.03,0.03,"arXiv:2408.12433 Sec. 4.1, median, simultaneous",published,0.05777565647250682,0.9385787805765202,-0.022959680961941342,False,0.0,0.0,1.0,False
garnet,13,100,26,2600,0.3,0.00145,11.569999999999999,True,0.9615384615384616,0.996354437049027,0.03481597551056548,0.03,0.03,"arXiv:2408.12433 Sec. 4.1, median, simultaneous",published,0.05777565647250682,0.9385787805765202,-0.022959680961941342,False,0.0,0.0,1.0,False
garnet,13,110,26,2860,0.3,0.00145,11.947,True,0.9615384615384616,0.996354437049027,0.03481597551056548,0.03,0.03,"arXiv:2408.12433 Sec. 4.1, median, simultaneous",published,0.05777565647250682,0.9385787805765202,-0.022959680961941342,False,0.0,0.0,1.0,False
garnet,13,120,26,3120,0.3,0.00145,12.324,True,0.9615384615384616,0.996354437049027,0.03481597551056548,0.03,0.03,"arXiv:2408.12433 Sec. 4.1, median, simultaneous",published,0.05777565647250682,0.9385787805765202,-0.022959680961941342,False,0.0,0.0,1.0,False
garnet,13,130,26,3380,0.3,0.00145,12.701,True,0.9615384615384616,0.996354437049027,0.03481597551056548,0.03,0.03,"arXiv:2408.12433 Sec. 4.1, median, simultaneous",published,0.05777565647250682,0.9385787805765202,-0.022959680961941342,False,0.0,0.0,1.0,False
garnet,13,140,26,3640,0.3,0.00145,13.078,True,0.9615384615384616,0.996354437049027,0.03481597551056548,0.03,0.03,"arXiv:2408.12433 Sec. 4.1, median, simultaneous",published,0.05777565647250682,0.9385787805765202,-0.022959680961941342,False,0.0,0.0,1.0,False
garnet,13,150,26,3900,0.3,0.00145,13.454999999999998,True,0.9615384615384616,0.996354437049027,0.03481597551056548,0.03,0.03,"arXiv:2408.12433 Sec. 4.1, median, simultaneous",published,0.05777565647250682,0.9385787805765202,-0.022959680961941342,False,0.0,0.0,1.0,False
garnet,13,160,26,4160,0.3,0.00145,13.832,True,0.9615384615384616,0.996354437049027,0.03481597551056548,0.03,0.03,"arXiv:2408.12433 Sec. 4.1, median, simultaneous",published,0.05777565647250682,0.9385787805765202,-0.022959680961941342,False,0.0,0.0,1.0,False
garnet,13,170,26,4420,0.3,0.00145,14.209,True,0.9615384615384616,0.996354437049027,0.03481597551056548,0.03,0.03,"arXiv:2408.12433 Sec. 4.1, median, simultaneous",published,0.05777565647250682,0.9385787805765202,-0.022959680961941342,False,0.0,0.0,1.0,False
garnet,13,180,26,4680,0.3,0.00145,14.585999999999999,True,0.9615384615384616,0.996354437049027,0.03481597551056548,0.03,0.03,"arXiv:2408.12433 Sec. 4.1, median, simultaneous",published,0.05777565647250682,0.9385787805765202,-0.022959680961941342,False,0.0,0.0,1.0,False
garnet,13,190,26,4940,0.3,0.00145,14.962999999999997,True,0.9615384615384616,0.996354437049027,0.03481597551056548,0.03,0.03,"arXiv:2408.12433 Sec. 4.1, median, simultaneous",published,0.05777565647250682,0.9385787805765202,-0.022959680961941342,False,0.0,0.0,1.0,False
garnet,13,200,26,5200,0.3,0.00145,15.34,True,0.9615384615384616,0.996354437049027,0.03481597551056548,0.03,0.03,"arXiv:2408.12433 Sec. 4.1, median, simultaneous",published,0.05777565647250682,0.9385787805765202,-0.022959680961941342,False,0.0,0.0,1.0,False
garnet,13,210,26,5460,0.3,0.00145,15.717,True,0.9615384615384616,0.996354437049027,0.03481597551056548,0.03,0.03,"arXiv:2408.12433 Sec. 4.1, median, simultaneous",published,0.05777565647250682,0.9385787805765202,-0.022959680961941342,False,0.0,0.0,1.0,False
garnet,13,220,26,5720,0.3,0.00145,16.094,True,0.9615384615384616,0.996354437049027,0.03481597551056548,0.03,0.03,"arXiv:2408.12433 Sec. 4.1, median, simultaneous",published,0.05777565647250682,0.9385787805765202,-0.022959680961941342,False,0.0,0.0,1.0,False
garnet,13,230,26,5980,0.3,0.00145,16.471,True,0.9615384615384616,0.996354437049027,0.03481597551056548,0.03,0.03,"arXiv:2408.12433 Sec. 4.1, median, simultaneous",published,0.05777565647250682,0.9385787805765202,-0.022959680961941342,False,0.0,0.0,1.0,False
garnet,13,240,26,6240,0.3,0.00145,16.848,True,0.9615384615384616,0.996354437049027,0.03481597551056548,0.03,0.03,"arXiv:2408.12433 Sec. 4.1, median, simultaneous",published,0.05777565647250682,0.9385787805765202,-0.022959680961941342,False,0.0,0.0,1.0,False
garnet,13,250,26,6500,0.3,0.00145,17.224999999999998,True,0.9615384615384616,0.996354437049027,0.03481597551056548,0.03,0.03,"arXiv:2408.12433 Sec. 4.1, median, simultaneous",published,0.05777565647250682,0.9385787805765202,-0.022959680961941342,False,0.0,0.0,1.0,False
garnet,13,260,26,6760,0.3,0.00145,17.602,True,0.9615384615384616,0.996354437049027,0.03481597551056548,0.03,0.03,"arXiv:2408.12433 Sec. 4.1, median, simultaneous",published,0.05777565647250682,0.9385787805765202,-0.022959680961941342,False,0.0,0.0,1.0,False
garnet,13,270,26,7020,0.3,0.00145,17.979,True,0.9615384615384616,0.996354437049027,0.03481597551056548,0.03,0.03,"arXiv:2408.12433 Sec. 4.1, median, simultaneous",published,0.05777565647250682,0.9385787805765202,-0.022959680961941342,False,0.0,0.0,1.0,False
garnet,13,280,26,7280,0.3,0.00145,18.355999999999998,True,0.9615384615384616,0.996354437049027,0.03481597551056548,0.03,0.03,"arXiv:2408.12433 Sec. 4.1, median, simultaneous",published,0.05777565647250682,0.9385787805765202,-0.022959680961941342,False,0.0,0.0,1.0,False
garnet,13,290,26,7540,0.3,0.00145,18.732999999999997,True,0.9615384615384616,0.996354437049027,0.03481597551056548,0.03,0.03,"arXiv:2408.12433 Sec. 4.1, median, simultaneous",published,0.05777565647250682,0.9385787805765202,-0.022959680961941342,False,0.0,0.0,1.0,False
garnet,13,300,26,7800,0.3,0.00145,19.109999999999996,True,0.9615384615384616,0.996354437049027,0.03481597551056548,0.03,0.03,"arXiv:2408.12433 Sec. 4.1, median, simultaneous",published,0.05777565647250682,0.9385787805765202,-0.022959680961941342,False,0.0,0.0,1.0,False
garnet,15,10,30,300,0.3,0.00145,9.435,True,0.9666666666666667,0.9972609476841365,0.03059428101746986,0.03,0.03,"arXiv:2408.12433 Sec. 4.1, median, simultaneous",published,0.05788117431043349,0.939379773373703,-0.027286893292963632,False,0.0,0.0,1.0,False
garnet,15,20,30,600,0.3,0.00145,9.87,True,0.9666666666666667,0.9972609476841365,0.03059428101746986,0.03,0.03,"arXiv:2408.12433 Sec. 4.1, median, simultaneous",published,0.05788117431043349,0.939379773373703,-0.027286893292963632,False,0.0,0.0,1.0,False
garnet,15,30,30,900,0.3,0.00145,10.305,True,0.9666666666666667,0.9972609476841365,0.03059428101746986,0.03,0.03,"arXiv:2408.12433 Sec. 4.1, median, simultaneous",published,0.05788117431043349,0.939379773373703,-0.027286893292963632,False,0.0,0.0,1.0,False
garnet,15,40,30,1200,0.3,0.00145,10.74,True,0.9666666666666667,0.9972609476841365,0.03059428101746986,0.03,0.03,"arXiv:2408.12433 Sec. 4.1, median, simultaneous",published,0.05788117431043349,0.939379773373703,-0.027286893292963632,False,0.0,0.0,1.0,False
garnet,15,50,30,1500,0.3,0.00145,11.175,True,0.9666666666666667,0.9972609476841365,0.03059428101746986,0.03,0.03,"arXiv:2408.12433 Sec. 4.1, median, simultaneous",published,0.05788117431043349,0.939379773373703,-0.027286893292963632,False,0.0,0.0,1.0,False
garnet,15,60,30,1800,0.3,0.00145,11.61,True,0.9666666666666667,0.9972609476841365,0.03059428101746986,0.03,0.03,"arXiv:2408.12433 Sec. 4.1, median, simultaneous",published,0.05788117431043349,0.939379773373703,-0.027286893292963632,False,0.0,0.0,1.0,False
garnet,15,70,30,2100,0.3,0.00145,12.044999999999998,True,0.9666666666666667,0.9972609476841365,0.03059428101746986,0.03,0.03,"arXiv:2408.12433 Sec. 4.1, median, simultaneous",published,0.05788117431043349,0.939379773373703,-0.027286893292963632,False,0.0,0.0,1.0,False
garnet,15,80,30,2400,0.3,0.00145,12.479999999999999,True,0.9666666666666667,0.9972609476841365,0.03059428101746986,0.03,0.03,"arXiv:2408.12433 Sec. 4.1, median, simultaneous",published,0.05788117431043349,0.939379773373703,-0.027286893292963632,False,0.0,0.0,1.0,False
garnet,15,90,30,2700,0.3,0.00145,12.915,True,0.9666666666666667,0.9972609476841365,0.03059428101746986,0.03,0.03,"arXiv:2408.12433 Sec. 4.1, median, simultaneous",published,0.05788117431043349,0.939379773373703,-0.027286893292963632,False,0.0,0.0,1.0,False
garnet,15,100,30,3000,0.3,0.00145,13.349999999999998,True,0.9666666666666667,0.9972609476841365,0.03059428101746986,0.03,0.03,"arXiv:2408.12433 Sec. 4.1, median, simultaneous",published,0.05788117431043349,0.939379773373703,-0.027286893292963632,False,0.0,0.0,1.0,False
garnet,15,110,30,3300,0.3,0.00145,13.784999999999998,True,0.9666666666666667,0.9972609476841365,0.03059428101746986,0.03,0.03,"arXiv:2408.12433 Sec. 4.1, median, simultaneous",published,0.05788117431043349,0.939379773373703,-0.027286893292963632,False,0.0,0.0,1.0,False
garnet,15,120,30,3600,0.3,0.00145,14.219999999999999,True,0.9666666666666667,0.9972609476841365,0.03059428101746986,0.03,0.03,"arXiv:2408.12433 Sec. 4.1, median, simultaneous",published,0.05788117431043349,0.939379773373703,-0.027286893292963632,False,0.0,0.0,1.0,False
garnet,15,130,30,3900,0.3,0.00145,14.655,True,0.9666666666666667,0.9972609476841365,0.03059428101746986,0.03,0.03,"arXiv:2408.12433 Sec. 4.1, median, simultaneous",published,0.05788117431043349,0.939379773373703,-0.027286893292963632,False,0.0,0.0,1.0,False
garnet,15,140,30,4200,0.3,0.00145,15.09,True,0.9666666666666667,0.9972609476841365,0.03059428101746986,0.03,0.03,"arXiv:2408.12433 Sec. 4.1, median, simultaneous",published,0.05788117431043349,0.939379773373703,-0.027286893292963632,False,0.0,0.0,1.0,False
garnet,15,150,30,4500,0.3,0.00145,15.524999999999999,True,0.9666666666666667,0.9972609476841365,0.03059428101746986,0.03,0.03,"arXiv:2408.12433 Sec. 4.1, median, simultaneous",published,0.05788117431043349,0.939379773373703,-0.027286893292963632,False,0.0,0.0,1.0,False
garnet,15,160,30,4800,0.3,0.00145,15.96,True,0.9666666666666667,0.9972609476841365,0.03059428101746986,0.03,0.03,"arXiv:2408.12433 Sec. 4.1, median, simultaneous",published,0.05788117431043349,0.939379773373703,-0.027286893292963632,False,0.0,0.0,1.0,False
garnet,15,170,30,5100,0.3,0.00145,16.395,True,0.9666666666666667,0.9972609476841365,0.03059428101746986,0.03,0.03,"arXiv:2408.12433 Sec. 4.1, median, simultaneous",published,0.05788117431043349,0.939379773373703,-0.027286893292963632,False,0.0,0.0,1.0,False
garnet,15,180,30,5400,0.3,0.00145,16.83,True,0.9666666666666667,0.9972609476841365,0.03059428101746986,0.03,0.03,"arXiv:2408.12433 Sec. 4.1, median, simultaneous",published,0.05788117431043349,0.939379773373703,-0.027286893292963632,False,0.0,0.0,1.0,False
garnet,15,190,30,5700,0.3,0.00145,17.264999999999997,True,0.9666666666666667,0.9972609476841365,0.03059428101746986,0.03,0.03,"arXiv:2408.12433 Sec. 4.1, median, simultaneous",published,0.05788117431043349,0.939379773373703,-0.027286893292963632,False,0.0,0.0,1.0,False
garnet,15,200,30,6000,0.3,0.00145,17.7,True,0.9666666666666667,0.9972609476841365,0.03059428101746986,0.03,0.03,"arXiv:2408.12433 Sec. 4.1, median, simultaneous",published,0.05788117431043349,0.939379773373703,-0.027286893292963632,False,0.0,0.0,1.0,False
garnet,15,210,30,6300,0.3,0.00145,18.135,True,0.9666666666666667,0.9972609476841365,0.03059428101746986,0.03,0.03,"arXiv:2408.12433 Sec. 4.1, median, simultaneous",published,0.05788117431043349,0.939379773373703,-0.027286893292963632,False,0.0,0.0,1.0,False
garnet,15,220,30,6600,0.3,0.00145,18.57,True,0.9666666666666667,0.9972609476841365,0.03059428101746986,0.03,0.03,"arXiv:2408.12433 Sec. 4.1, median, simultaneous",published,0.05788117431043349,0.939379773373703,-0.027286893292963632,False,0.0,0.0,1.0,False
garnet,15,230,30,6900,0.3,0.00145,19.005,True,0.9666666666666667,0.9972609476841365,0.03059428101746986,0.03,0.03,"arXiv:2408.12433 Sec. 4.1, median, simultaneous",published,0.05788117431043349,0.939379773373703,-0.027286893292963632,False,0.0,0.0,1.0,False
garnet,15,240,30,7200,0.3,0.00145,19.439999999999998,True,0.9666666666666667,0.9972609476841365,0.03059428101746986,0.03,0.03,"arXiv:2408.12433 Sec. 4.1, median, simultaneous",published,0.05788117431043349,0.939379773373703,-0.027286893292963632,False,0.0,0.0,1.0,False
garnet,15,250,30,7500,0.3,0.00145,19.875,True,0.9666666666666667,0.9972609476841365,0.03059428101746986,0.03,0.03,"arXiv:2408.12433 Sec. 4.1, median, simultaneous",published,0.05788117431043349,0.939379773373703,-0.027286893292963632,False,0.0,0.0,1.0,False
garnet,15,260,30,7800,0.3,0.00145,20.310000000000002,False,0.9666666666666667,0.9972609476841365,0.03059428101746986,0.03,0.03,"arXiv:2408.12433 Sec. 4.1, median, simultaneous",published,0.05788117431043349,0.939379773373703,-0.027286893292963632,False,0.0,0.0,1.0,False
garnet,15,270,30,8100,0.3,0.00145,20.745,False,0.9666666666666667,0.9972609476841365,0.03059428101746986,0.03,0.03,"arXiv:2408.12433 Sec. 4.1, median, simultaneous",published,0.05788117431043349,0.939379773373703,-0.027286893292963632,False,0.0,0.0,1.0,False
garnet,15,280,30,8400,0.3,0.00145,21.18,False,0.9666666666666667,0.9972609476841365,0.03059428101746986,0.03,0.03,"arXiv:2408.12433 Sec. 4.1, median, simultaneous",published,0.05788117431043349,0.939379773373703,-0.027286893292963632,False,0.0,0.0,1.0,False
garnet,15,290,30,8700,0.3,0.00145,21.615,False,0.9666666666666667,0.9972609476841365,0.03059428101746986,0.03,0.03,"arXiv:2408.12433 Sec. 4.1, median, simultaneous",published,0.05788117431043349,0.939379773373703,-0.027286893292963632,False,0.0,0.0,1.0,False
garnet,15,300,30,9000,0.3,0.00145,22.049999999999997,False,0.9666666666666667,0.9972609476841365,0.03059428101746986,0.03,0.03,"arXiv:2408.12433 Sec. 4.1, median, simultaneous",published,0.05788117431043349,0.939379773373703,-0.027286893292963632,False,0.0,0.0,1.0,False
garnet,17,10,34,340,0.3,0.00145,10.693,True,0.9705882352941176,0.9978670881475172,0.027278852853399593,0.03,0.03,"arXiv:2408.12433 Sec. 4.1, median, simultaneous",published,0.05795172906037105,0.9399153590871462,-0.030672876206971456,False,0.0,0.0,1.0,False
garnet,17,20,34,680,0.3,0.00145,11.185999999999998,True,0.9705882352941176,0.9978670881475172,0.027278852853399593,0.03,0.03,"arXiv:2408.12433 Sec. 4.1, median, simultaneous",published,0.05795172906037105,0.9399153590871462,-0.030672876206971456,False,0.0,0.0,1.0,False
garnet,17,30,34,1020,0.3,0.00145,11.678999999999998,True,0.9705882352941176,0.9978670881475172,0.027278852853399593,0.03,0.03,"arXiv:2408.12433 Sec. 4.1, median, simultaneous",published,0.05795172906037105,0.9399153590871462,-0.030672876206971456,False,0.0,0.0,1.0,False
garnet,17,40,34,1360,0.3,0.00145,12.171999999999999,True,0.9705882352941176,0.9978670881475172,0.027278852853399593,0.03,0.03,"arXiv:2408.12433 Sec. 4.1, median, simultaneous",published,0.05795172906037105,0.9399153590871462,-0.030672876206971456,False,0.0,0.0,1.0,False
garnet,17,50,34,1700,0.3,0.00145,12.665,True,0.9705882352941176,0.9978670881475172,0.027278852853399593,0.03,0.03,"arXiv:2408.12433 Sec. 4.1, median, simultaneous",published,0.05795172906037105,0.9399153590871462,-0.030672876206971456,False,0.0,0.0,1.0,False
garnet,17,60,34,2040,0.3,0.00145,13.158000000000001,True,0.9705882352941176,0.9978670881475172,0.027278852853399593,0.03,0.03,"arXiv:2408.12433 Sec. 4.1, median, simultaneous",published,0.05795172906037105,0.9399153590871462,-0.030672876206971456,False,0.0,0.0,1.0,False
garnet,17,70,34,2380,0.3,0.00145,13.651,True,0.9705882352941176,0.9978670881475172,0.027278852853399593,0.03,0.03,"arXiv:2408.12433 Sec. 4.1, median, simultaneous",published,0.05795172906037105,0.9399153590871462,-0.030672876206971456,False,0.0,0.0,1.0,False
garnet,17,80,34,2720,0.3,0.00145,14.144,True,0.9705882352941176,0.9978670881475172,0.027278852853399593,0.03,0.03,"arXiv:2408.12433 Sec. 4.1, median, simultaneous",published,0.05795172906037105,0.9399153590871462,-0.030672876206971456,False,0.0,0.0,1.0,False
garnet,17,90,34,3060,0.3,0.00145,14.637,True,0.9705882352941176,0.9978670881475172,0.027278852853399593,0.03,0.03,"arXiv:2408.12433 Sec. 4.1, median, simultaneous",published,0.05795172906037105,0.9399153590871462,-0.030672876206971456,False,0.0,0.0,1.0,False
garnet,17,100,34,3400,0.3,0.00145,15.129999999999999,True,0.9705882352941176,0.9978670881475172,0.027278852853399593,0.03,0.03,"arXiv:2408.12433 Sec. 4.1, median, simultaneous",published,0.05795172906037105,0.9399153590871462,-0.030672876206971456,False,0.0,0.0,1.0,False
garnet,17,110,34,3740,0.3,0.00145,15.623,True,0.9705882352941176,0.9978670881475172,0.027278852853399593,0.03,0.03,"arXiv:2408.12433 Sec. 4.1, median, simultaneous",published,0.05795172906037105,0.9399153590871462,-0.030672876206971456,False,0.0,0.0,1.0,False
garnet,17,120,34,4080,0.3,0.00145,16.116,True,0.9705882352941176,0.9978670881475172,0.027278852853399593,0.03,0.03,"arXiv:2408.12433 Sec. 4.1, median, simultaneous",published,0.05795172906037105,0.9399153590871462,-0.030672876206971456,False,0.0,0.0,1.0,False
garnet,17,130,34,4420,0.3,0.00145,16.608999999999998,True,0.9705882352941176,0.9978670881475172,0.027278852853399593,0.03,0.03,"arXiv:2408.12433 Sec. 4.1, median, simultaneous",published,0.05795172906037105,0.9399153590871462,-0.030672876206971456,False,0.0,0.0,1.0,False
garnet,17,140,34,4760,0.3,0.00145,17.102,True,0.9705882352941176,0.9978670881475172,0.027278852853399593,0.03,0.03,"arXiv:2408.12433 Sec. 4.1, median, simultaneous",published,0.05795172906037105,0.9399153590871462,-0.030672876206971456,False,0.0,0.0,1.0,False
garnet,17,150,34,5100,0.3,0.00145,17.595,True,0.9705882352941176,0.9978670881475172,0.027278852853399593,0.03,0.03,"arXiv:2408.12433 Sec. 4.1, median, simultaneous",published,0.05795172906037105,0.9399153590871462,-0.030672876206971456,False,0.0,0.0,1.0,False
garnet,17,160,34,5440,0.3,0.00145,18.088,True,0.9705882352941176,0.9978670881475172,0.027278852853399593,0.03,0.03,"arXiv:2408.12433 Sec. 4.1, median, simultaneous",published,0.05795172906037105,0.9399153590871462,-0.030672876206971456,False,0.0,0.0,1.0,False
garnet,17,170,34,5780,0.3,0.00145,18.581,True,0.9705882352941176,0.9978670881475172,0.027278852853399593,0.03,0.03,"arXiv:2408.12433 Sec. 4.1, median, simultaneous",published,0.05795172906037105,0.9399153590871462,-0.030672876206971456,False,0.0,0.0,1.0,False
garnet,17,180,34,6120,0.3,0.00145,19.073999999999998,True,0.9705882352941176,0.9978670881475172,0.027278852853399593,0.03,0.03,"arXiv:2408.12433 Sec. 4.1, median, simultaneous",published,0.05795172906037105,0.9399153590871462,-0.030672876206971456,False,0.0,0.0,1.0,False
garnet,17,190,34,6460,0.3,0.00145,19.566999999999997,True,0.9705882352941176,0.9978670881475172,0.027278852853399593,0.03,0.03,"arXiv:2408.12433 Sec. 4.1, median, simultaneous",published,0.05795172906037105,0.9399153590871462,-0.030672876206971456,False,0.0,0.0,1.0,False
garnet,17,200,34,6800,0.3,0.00145,20.06,False,0.9705882352941176,0.9978670881475172,0.027278852853399593,0.03,0.03,"arXiv:2408.12433 Sec. 4.1, median, simultaneous",published,0.05795172906037105,0.9399153590871462,-0.030672876206971456,False,0.0,0.0,1.0,False
garnet,17,210,34,7140,0.3,0.00145,20.553,False,0.9705882352941176,0.9978670881475172,0.027278852853399593,0.03,0.03,"arXiv:2408.12433 Sec. 4.1, median, simultaneous",published,0.05795172906037105,0.9399153590871462,-0.030672876206971456,False,0.0,0.0,1.0,False
garnet,17,220,34,7480,0.3,0.00145,21.046,False,0.9705882352941176,0.9978670881475172,0.027278852853399593,0.03,0.03,"arXiv:2408.12433 Sec. 4.1, median, simultaneous",published,0.05795172906037105,0.9399153590871462,-0.030672876206971456,False,0.0,0.0,1.0,False
garnet,17,230,34,7820,0.3,0.00145,21.538999999999998,False,0.9705882352941176,0.9978670881475172,0.027278852853399593,0.03,0.03,"arXiv:2408.12433 Sec. 4.1, median, simultaneous",published,0.05795172906037105,0.9399153590871462,-0.030672876206971456,False,0.0,0.0,1.0,False
garnet,17,240,34,8160,0.3,0.00145,22.031999999999996,False,0.9705882352941176,0.9978670881475172,0.027278852853399593,0.03,0.03,"arXiv:2408.12433 Sec. 4.1, median, simultaneous",published,0.05795172906037105,0.9399153590871462,-0.030672876206971456,False,0.0,0.0,1.0,False
garnet,17,250,34,8500,0.3,0.00145,22.525,False,0.9705882352941176,0.9978670881475172,0.027278852853399593,0.03,0.03,"arXiv:2408.12433 Sec. 4.1, median, simultaneous",published,0.05795172906037105,0.9399153590871462,-0.030672876206971456,False,0.0,0.0,1.0,False
garnet,17,260,34,8840,0.3,0.00145,23.018,False,0.9705882352941176,0.9978670881475172,0.027278852853399593,0.03,0.03,"arXiv:2408.12433 Sec. 4.1, median, simultaneous",published,0.05795172906037105,0.9399153590871462,-0.030672876206971456,False,0.0,0.0,1.0,False
garnet,17,270,34,9180,0.3,0.00145,23.511,False,0.9705882352941176,0.9978670881475172,0.027278852853399593,0.03,0.03,"arXiv:2408.12433 Sec. 4.1, median, simultaneous",published,0.05795172906037105,0.9399153590871462,-0.030672876206971456,False,0.0,0.0,1.0,False
garnet,17,280,34,9520,0.3,0.00145,24.003999999999998,False,0.9705882352941176,0.9978670881475172,0.027278852853399593,0.03,0.03,"arXiv:2408.12433 Sec. 4.1, median, simultaneous",published,0.05795172906037105,0.9399153590871462,-0.030672876206971456,False,0.0,0.0,1.0,False
garnet,17,290,34,9860,0.3,0.00145,24.496999999999996,False,0.9705882352941176,0.9978670881475172,0.027278852853399593,0.03,0.03,"arXiv:2408.12433 Sec. 4.1, median, simultaneous",published,0.05795172906037105,0.9399153590871462,-0.030672876206971456,False,0.0,0.0,1.0,False
garnet,17,300,34,10200,0.3,0.00145,24.989999999999995,False,0.9705882352941176,0.9978670881475172,0.027278852853399593,0.03,0.03,"arXiv:2408.12433 Sec. 4.1, median, simultaneous",published,0.05795172906037105,0.9399153590871462,-0.030672876206971456,False,0.0,0.0,1.0,False
garnet,19,10,38,380,0.3,0.00145,11.951,True,0.9736842105263158,0.9982922465033349,0.024608035977019105,0.03,0.03,"arXiv:2408.12433 Sec. 4.1, median, simultaneous",published,0.058001217492988255,0.9402910290103467,-0.03339318151596915,False,0.0,0.0,1.0,False
garnet,19,20,38,760,0.3,0.00145,12.501999999999999,True,0.9736842105263158,0.9982922465033349,0.024608035977019105,0.03,0.03,"arXiv:2408.12433 Sec. 4.1, median, simultaneous",published,0.058001217492988255,0.9402910290103467,-0.03339318151596915,False,0.0,0.0,1.0,False
garnet,19,30,38,1140,0.3,0.00145,13.052999999999999,True,0.9736842105263158,0.9982922465033349,0.024608035977019105,0.03,0.03,"arXiv:2408.12433 Sec. 4.1, median, simultaneous",published,0.058001217492988255,0.9402910290103467,-0.03339318151596915,False,0.0,0.0,1.0,False
garnet,19,40,38,1520,0.3,0.00145,13.604,True,0.9736842105263158,0.9982922465033349,0.024608035977019105,0.03,0.03,"arXiv:2408.12433 Sec. 4.1, median, simultaneous",published,0.058001217492988255,0.9402910290103467,-0.03339318151596915,False,0.0,0.0,1.0,False
garnet,19,50,38,1900,0.3,0.00145,14.155,True,0.9736842105263158,0.9982922465033349,0.024608035977019105,0.03,0.03,"arXiv:2408.12433 Sec. 4.1, median, simultaneous",published,0.058001217492988255,0.9402910290103467,-0.03339318151596915,False,0.0,0.0,1.0,False
garnet,19,60,38,2280,0.3,0.00145,14.706,True,0.9736842105263158,0.9982922465033349,0.024608035977019105,0.03,0.03,"arXiv:2408.12433 Sec. 4.1, median, simultaneous",published,0.058001217492988255,0.9402910290103467,-0.03339318151596915,False,0.0,0.0,1.0,False
garnet,19,70,38,2660,0.3,0.00145,15.256999999999998,True,0.9736842105263158,0.9982922465033349,0.024608035977019105,0.03,0.03,"arXiv:2408.12433 Sec. 4.1, median, simultaneous",published,0.058001217492988255,0.9402910290103467,-0.03339318151596915,False,0.0,0.0,1.0,False
garnet,19,80,38,3040,0.3,0.00145,15.808,True,0.9736842105263158,0.9982922465033349,0.024608035977019105,0.03,0.03,"arXiv:2408.12433 Sec. 4.1, median, simultaneous",published,0.058001217492988255,0.9402910290103467,-0.03339318151596915,False,0.0,0.0,1.0,False
garnet,19,90,38,3420,0.3,0.00145,16.358999999999998,True,0.9736842105263158,0.9982922465033349,0.024608035977019105,0.03,0.03,"arXiv:2408.12433 Sec. 4.1, median, simultaneous",published,0.058001217492988255,0.9402910290103467,-0.03339318151596915,False,0.0,0.0,1.0,False
garnet,19,100,38,3800,0.3,0.00145,16.909999999999997,True,0.9736842105263158,0.9982922465033349,0.024608035977019105,0.03,0.03,"arXiv:2408.12433 Sec. 4.1, median, simultaneous",published,0.058001217492988255,0.9402910290103467,-0.03339318151596915,False,0.0,0.0,1.0,False
garnet,19,110,38,4180,0.3,0.00145,17.461,True,0.9736842105263158,0.9982922465033349,0.024608035977019105,0.03,0.03,"arXiv:2408.12433 Sec. 4.1, median, simultaneous",published,0.058001217492988255,0.9402910290103467,-0.03339318151596915,False,0.0,0.0,1.0,False
garnet,19,120,38,4560,0.3,0.00145,18.012,True,0.9736842105263158,0.9982922465033349,0.024608035977019105,0.03,0.03,"arXiv:2408.12433 Sec. 4.1, median, simultaneous",published,0.058001217492988255,0.9402910290103467,-0.03339318151596915,False,0.0,0.0,1.0,False
garnet,19,130,38,4940,0.3,0.00145,18.563,True,0.9736842105263158,0.9982922465033349,0.024608035977019105,0.03,0.03,"arXiv:2408.12433 Sec. 4.1, median, simultaneous",published,0.058001217492988255,0.9402910290103467,-0.03339318151596915,False,0.0,0.0,1.0,False
garnet,19,140,38,5320,0.3,0.00145,19.114,True,0.9736842105263158,0.9982922465033349,0.024608035977019105,0.03,0.03,"arXiv:2408.12433 Sec. 4.1, median, simultaneous",published,0.058001217492988255,0.9402910290103467,-0.03339318151596915,False,0.0,0.0,1.0,False
garnet,19,150,38,5700,0.3,0.00145,19.665,True,0.9736842105263158,0.9982922465033349,0.024608035977019105,0.03,0.03,"arXiv:2408.12433 Sec. 4.1, median, simultaneous",published,0.058001217492988255,0.9402910290103467,-0.03339318151596915,False,0.0,0.0,1.0,False
garnet,19,160,38,6080,0.3,0.00145,20.216,False,0.9736842105263158,0.9982922465033349,0.024608035977019105,0.03,0.03,"arXiv:2408.12433 Sec. 4.1, median, simultaneous",published,0.058001217492988255,0.9402910290103467,-0.03339318151596915,False,0.0,0.0,1.0,False
garnet,19,170,38,6460,0.3,0.00145,20.767,False,0.9736842105263158,0.9982922465033349,0.024608035977019105,0.03,0.03,"arXiv:2408.12433 Sec. 4.1, median, simultaneous",published,0.058001217492988255,0.9402910290103467,-0.03339318151596915,False,0.0,0.0,1.0,False
garnet,19,180,38,6840,0.3,0.00145,21.317999999999998,False,0.9736842105263158,0.9982922465033349,0.024608035977019105,0.03,0.03,"arXiv:2408.12433 Sec. 4.1, median, simultaneous",published,0.058001217492988255,0.9402910290103467,-0.03339318151596915,False,0.0,0.0,1.0,False
garnet,19,190,38,7220,0.3,0.00145,21.868999999999996,False,0.9736842105263158,0.9982922465033349,0.024608035977019105,0.03,0.03,"arXiv:2408.12433 Sec. 4.1, median, simultaneous",published,0.058001217492988255,0.9402910290103467,-0.03339318151596915,False,0.0,0.0,1.0,False
garnet,19,200,38,7600,0.3,0.00145,22.419999999999998,False,0.9736842105263158,0.9982922465033349,0.024608035977019105,0.03,0.03,"arXiv:2408.12433 Sec. 4.1, median, simultaneous",published,0.058001217492988255,0.9402910290103467,-0.03339318151596915,False,0.0,0.0,1.0,False
garnet,19,210,38,7980,0.3,0.00145,22.971,False,0.9736842105263158,0.9982922465033349,0.024608035977019105,0.03,0.03,"arXiv:2408.12433 Sec. 4.1, median, simultaneous",published,0.058001217492988255,0.9402910290103467,-0.03339318151596915,False,0.0,0.0,1.0,False
garnet,19,220,38,8360,0.3,0.00145,23.522,False,0.9736842105263158,0.9982922465033349,0.024608035977019105,0.03,0.03,"arXiv:2408.12433 Sec. 4.1, median, simultaneous",published,0.058001217492988255,0.9402910290103467,-0.03339318151596915,False,0.0,0.0,1.0,False
garnet,19,230,38,8740,0.3,0.00145,24.072999999999997,False,0.9736842105263158,0.9982922465033349,0.024608035977019105,0.03,0.03,"arXiv:2408.12433 Sec. 4.1, median, simultaneous",published,0.058001217492988255,0.9402910290103467,-0.03339318151596915,False,0.0,0.0,1.0,False
garnet,19,240,38,9120,0.3,0.00145,24.623999999999995,False,0.9736842105263158,0.9982922465033349,0.024608035977019105,0.03,0.03,"arXiv:2408.12433 Sec. 4.1, median, simultaneous",published,0.058001217492988255,0.9402910290103467,-0.03339318151596915,False,0.0,0.0,1.0,False
garnet,19,250,38,9500,0.3,0.00145,25.175,False,0.9736842105263158,0.9982922465033349,0.024608035977019105,0.03,0.03,"arXiv:2408.12433 Sec. 4.1, median, simultaneous",published,0.058001217492988255,0.9402910290103467,-0.03339318151596915,False,0.0,0.0,1.0,False
garnet,19,260,38,9880,0.3,0.00145,25.726000000000003,False,0.9736842105263158,0.9982922465033349,0.024608035977019105,0.03,0.03,"arXiv:2408.12433 Sec. 4.1, median, simultaneous",published,0.058001217492988255,0.9402910290103467,-0.03339318151596915,False,0.0,0.0,1.0,False
garnet,19,270,38,10260,0.3,0.00145,26.277,False,0.9736842105263158,0.9982922465033349,0.024608035977019105,0.03,0.03,"arXiv:2408.12433 Sec. 4.1, median, simultaneous",published,0.058001217492988255,0.9402910290103467,-0.03339318151596915,False,0.0,0.0,1.0,False
garnet,19,280,38,10640,0.3,0.00145,26.828,False,0.9736842105263158,0.9982922465033349,0.024608035977019105,0.03,0.03,"arXiv:2408.12433 Sec. 4.1, median, simultaneous",published,0.058001217492988255,0.9402910290103467,-0.03339318151596915,False,0.0,0.0,1.0,False
garnet,19,290,38,11020,0.3,0.00145,27.378999999999998,False,0.9736842105263158,0.9982922465033349,0.024608035977019105,0.03,0.03,"arXiv:2408.12433 Sec. 4.1, median, simultaneous",published,0.058001217492988255,0.9402910290103467,-0.03339318151596915,False,0.0,0.0,1.0,False
garnet,19,300,38,11400,0.3,0.00145,27.929999999999996,False,0.9736842105263158,0.9982922465033349,0.024608035977019105,0.03,0.03,"arXiv:2408.12433 Sec. 4.1, median, simultaneous",published,0.058001217492988255,0.9402910290103467,-0.03339318151596915,False,0.0,0.0,1.0,False
garnet,21,10,42,420,0.3,0.00145,13.209,True,0.9761904761904762,0.99860189859059,0.022411422400113845,0.03,0.03,"arXiv:2408.12433 Sec. 4.1, median, simultaneous",published,0.05803726099594475,0.9405646375946453,-0.035625838595830905,False,0.0,0.0,1.0,False
garnet,21,20,42,840,0.3,0.00145,13.817999999999998,True,0.9761904761904762,0.99860189859059,0.022411422400113845,0.03,0.03,"arXiv:2408.12433 Sec. 4.1, median, simultaneous",published,0.05803726099594475,0.9405646375946453,-0.035625838595830905,False,0.0,0.0,1.0,False
garnet,21,30,42,1260,0.3,0.00145,14.427,True,0.9761904761904762,0.99860189859059,0.022411422400113845,0.03,0.03,"arXiv:2408.12433 Sec. 4.1, median, simultaneous",published,0.05803726099594475,0.9405646375946453,-0.035625838595830905,False,0.0,0.0,1.0,False
garnet,21,40,42,1680,0.3,0.00145,15.036,True,0.9761904761904762,0.99860189859059,0.022411422400113845,0.03,0.03,"arXiv:2408.12433 Sec. 4.1, median, simultaneous",published,0.05803726099594475,0.9405646375946453,-0.035625838595830905,False,0.0,0.0,1.0,False
garnet,21,50,42,2100,0.3,0.00145,15.645,True,0.9761904761904762,0.99860189859059,0.022411422400113845,0.03,0.03,"arXiv:2408.12433 Sec. 4.1, median, simultaneous",published,0.05803726099594475,0.9405646375946453,-0.035625838595830905,False,0.0,0.0,1.0,False
garnet,21,60,42,2520,0.3,0.00145,16.254,True,0.9761904761904762,0.99860189859059,0.022411422400113845,0.03,0.03,"arXiv:2408.12433 Sec. 4.1, median, simultaneous",published,0.05803726099594475,0.9405646375946453,-0.035625838595830905,False,0.0,0.0,1.0,False
garnet,21,70,42,2940,0.3,0.00145,16.863,True,0.9761904761904762,0.99860189859059,0.022411422400113845,0.03,0.03,"arXiv:2408.12433 Sec. 4.1, median, simultaneous",published,0.05803726099594475,0.9405646375946453,-0.035625838595830905,False,0.0,0.0,1.0,False
garnet,21,80,42,3360,0.3,0.00145,17.471999999999998,True,0.9761904761904762,0.99860189859059,0.022411422400113845,0.03,0.03,"arXiv:2408.12433 Sec. 4.1, median, simultaneous",published,0.05803726099594475,0.9405646375946453,-0.035625838595830905,False,0.0,0.0,1.0,False
garnet,21,90,42,3780,0.3,0.00145,18.081,True,0.9761904761904762,0.99860189859059,0.022411422400113845,0.03,0.03,"arXiv:2408.12433 Sec. 4.1, median, simultaneous",published,0.05803726099594475,0.9405646375946453,-0.035625838595830905,False,0.0,0.0,1.0,False
garnet,21,100,42,4200,0.3,0.00145,18.689999999999998,True,0.9761904761904762,0.99860189859059,0.022411422400113845,0.03,0.03,"arXiv:2408.12433 Sec. 4.1, median, simultaneous",published,0.05803726099594475,0.9405646375946453,-0.035625838595830905,False,0.0,0.0,1.0,False
garnet,21,110,42,4620,0.3,0.00145,19.299,True,0.9761904761904762,0.99860189859059,0.022411422400113845,0.03,0.03,"arXiv:2408.12433 Sec. 4.1, median, simultaneous",published,0.05803726099594475,0.9405646375946453,-0.035625838595830905,False,0.0,0.0,1.0,False
garnet,21,120,42,5040,0.3,0.00145,19.907999999999998,True,0.9761904761904762,0.99860189859059,0.022411422400113845,0.03,0.03,"arXiv:2408.12433 Sec. 4.1, median, simultaneous",published,0.05803726099594475,0.9405646375946453,-0.035625838595830905,False,0.0,0.0,1.0,False
garnet,21,130,42,5460,0.3,0.00145,20.517,False,0.9761904761904762,0.99860189859059,0.022411422400113845,0.03,0.03,"arXiv:2408.12433 Sec. 4.1, median, simultaneous",published,0.05803726099594475,0.9405646375946453,-0.035625838595830905,False,0.0,0.0,1.0,False
garnet,21,140,42,5880,0.3,0.00145,21.126,False,0.9761904761904762,0.99860189859059,0.022411422400113845,0.03,0.03,"arXiv:2408.12433 Sec. 4.1, median, simultaneous",published,0.05803726099594475,0.9405646375946453,-0.035625838595830905,False,0.0,0.0,1.0,False
garnet,21,150,42,6300,0.3,0.00145,21.735,False,0.9761904761904762,0.99860189859059,0.022411422400113845,0.03,0.03,"arXiv:2408.12433 Sec. 4.1, median, simultaneous",published,0.05803726099594475,0.9405646375946453,-0.035625838595830905,False,0.0,0.0,1.0,False
garnet,21,160,42,6720,0.3,0.00145,22.344,False,0.9761904761904762,0.99860189859059,0.022411422400113845,0.03,0.03,"arXiv:2408.12433 Sec. 4.1, median, simultaneous",published,0.05803726099594475,0.9405646375946453,-0.035625838595830905,False,0.0,0.0,1.0,False
garnet,21,170,42,7140,0.3,0.00145,22.953,False,0.9761904761904762,0.99860189859059,0.022411422400113845,0.03,0.03,"arXiv:2408.12433 Sec. 4.1, median, simultaneous",published,0.05803726099594475,0.9405646375946453,-0.035625838595830905,False,0.0,0.0,1.0,False
garnet,21,180,42,7560,0.3,0.00145,23.561999999999998,False,0.9761904761904762,0.99860189859059,0.022411422400113845,0.03,0.03,"arXiv:2408.12433 Sec. 4.1, median, simultaneous",published,0.05803726099594475,0.9405646375946453,-0.035625838595830905,False,0.0,0.0,1.0,False
garnet,21,190,42,7980,0.3,0.00145,24.170999999999996,False,0.9761904761904762,0.99860189859059,0.022411422400113845,0.03,0.03,"arXiv:2408.12433 Sec. 4.1, median, simultaneous",published,0.05803726099594475,0.9405646375946453,-0.035625838595830905,False,0.0,0.0,1.0,False
garnet,21,200,42,8400,0.3,0.00145,24.779999999999998,False,0.9761904761904762,0.99860189859059,0.022411422400113845,0.03,0.03,"arXiv:2408.12433 Sec. 4.1, median, simultaneous",published,0.05803726099594475,0.9405646375946453,-0.035625838595830905,False,0.0,0.0,1.0,False
garnet,21,210,42,8820,0.3,0.00145,25.389000000000003,False,0.9761904761904762,0.99860189859059,0.022411422400113845,0.03,0.03,"arXiv:2408.12433 Sec. 4.1, median, simultaneous",published,0.05803726099594475,0.9405646375946453,-0.035625838595830905,False,0.0,0.0,1.0,False
garnet,21,220,42,9240,0.3,0.00145,25.998,False,0.9761904761904762,0.99860189859059,0.022411422400113845,0.03,0.03,"arXiv:2408.12433 Sec. 4.1, median, simultaneous",published,0.05803726099594475,0.9405646375946453,-0.035625838595830905,False,0.0,0.0,1.0,False
garnet,21,230,42,9660,0.3,0.00145,26.607,False,0.9761904761904762,0.99860189859059,0.022411422400113845,0.03,0.03,"arXiv:2408.12433 Sec. 4.1, median, simultaneous",published,0.05803726099594475,0.9405646375946453,-0.035625838595830905,False,0.0,0.0,1.0,False
garnet,21,240,42,10080,0.3,0.00145,27.215999999999998,False,0.9761904761904762,0.99860189859059,0.022411422400113845,0.03,0.03,"arXiv:2408.12433 Sec. 4.1, median, simultaneous",published,0.05803726099594475,0.9405646375946453,-0.035625838595830905,False,0.0,0.0,1.0,False
garnet,21,250,42,10500,0.3,0.00145,27.825,False,0.9761904761904762,0.99860189859059,0.022411422400113845,0.03,0.03,"arXiv:2408.12433 Sec. 4.1, median, simultaneous",published,0.05803726099594475,0.9405646375946453,-0.035625838595830905,False,0.0,0.0,1.0,False
garnet,21,260,42,10920,0.3,0.00145,28.434,False,0.9761904761904762,0.99860189859059,0.022411422400113845,0.03,0.03,"arXiv:2408.12433 Sec. 4.1, median, simultaneous",published,0.05803726099594475,0.9405646375946453,-0.035625838595830905,False,0.0,0.0,1.0,False
garnet,21,270,42,11340,0.3,0.00145,29.043,False,0.9761904761904762,0.99860189859059,0.022411422400113845,0.03,0.03,"arXiv:2408.12433 Sec. 4.1, median, simultaneous",published,0.05803726099594475,0.9405646375946453,-0.035625838595830905,False,0.0,0.0,1.0,False
garnet,21,280,42,11760,0.3,0.00145,29.651999999999997,False,0.9761904761904762,0.99860189859059,0.022411422400113845,0.03,0.03,"arXiv:2408.12433 Sec. 4.1, median, simultaneous",published,0.05803726099594475,0.9405646375946453,-0.035625838595830905,False,0.0,0.0,1.0,False
garnet,21,290,42,12180,0.3,0.00145,30.260999999999996,False,0.9761904761904762,0.99860189859059,0.022411422400113845,0.03,0.03,"arXiv:2408.12433 Sec. 4.1, median, simultaneous",published,0.05803726099594475,0.9405646375946453,-0.035625838595830905,False,0.0,0.0,1.0,False
garnet,21,300,42,12600,0.3,0.00145,30.869999999999994,False,0.9761904761904762,0.99860189859059,0.022411422400113845,0.03,0.03,"arXiv:2408.12433 Sec. 4.1, median, simultaneous",published,0.05803726099594475,0.9405646375946453,-0.035625838595830905,False,0.0,0.0,1.0,False
garnet,23,10,46,460,0.3,0.00145,14.467,True,0.9782608695652174,0.9988343845952696,0.020573515030052225,0.03,0.03,"arXiv:2408.12433 Sec. 4.1, median, simultaneous",published,0.05806432236688941,0.9407700622283802,-0.037490807336837184,False,0.0,0.0,1.0,False
garnet,23,20,46,920,0.3,0.00145,15.133999999999999,True,0.9782608695652174,0.9988343845952696,0.020573515030052225,0.03,0.03,"arXiv:2408.12433 Sec. 4.1, median, simultaneous",published,0.05806432236688941,0.9407700622283802,-0.037490807336837184,False,0.0,0.0,1.0,False
garnet,23,30,46,1380,0.3,0.00145,15.800999999999998,True,0.9782608695652174,0.9988343845952696,0.020573515030052225,0.03,0.03,"arXiv:2408.12433 Sec. 4.1, median, simultaneous",published,0.05806432236688941,0.9407700622283802,-0.037490807336837184,False,0.0,0.0,1.0,False
garnet,23,40,46,1840,0.3,0.00145,16.468,True,0.9782608695652174,0.9988343845952696,0.020573515030052225,0.03,0.03,"arXiv:2408.12433 Sec. 4.1, median, simultaneous",published,0.05806432236688941,0.9407700622283802,-0.037490807336837184,False,0.0,0.0,1.0,False
garnet,23,50,46,2300,0.3,0.00145,17.135,True,0.9782608695652174,0.9988343845952696,0.020573515030052225,0.03,0.03,"arXiv:2408.12433 Sec. 4.1, median, simultaneous",published,0.05806432236688941,0.9407700622283802,-0.037490807336837184,False,0.0,0.0,1.0,False
garnet,23,60,46,2760,0.3,0.00145,17.802,True,0.9782608695652174,0.9988343845952696,0.020573515030052225,0.03,0.03,"arXiv:2408.12433 Sec. 4.1, median, simultaneous",published,0.05806432236688941,0.9407700622283802,-0.037490807336837184,False,0.0,0.0,1.0,False
garnet,23,70,46,3220,0.3,0.00145,18.468999999999998,True,0.9782608695652174,0.9988343845952696,0.020573515030052225,0.03,0.03,"arXiv:2408.12433 Sec. 4.1, median, simultaneous",published,0.05806432236688941,0.9407700622283802,-0.037490807336837184,False,0.0,0.0,1.0,False
garnet,23,80,46,3680,0.3,0.00145,19.136,True,0.9782608695652174,0.9988343845952696,0.020573515030052225,0.03,0.03,"arXiv:2408.12433 Sec. 4.1, median, simultaneous",published,0.05806432236688941,0.9407700622283802,-0.037490807336837184,False,0.0,0.0,1.0,False
garnet,23,90,46,4140,0.3,0.00145,19.803,True,0.9782608695652174,0.9988343845952696,0.020573515030052225,0.03,0.03,"arXiv:2408.12433 Sec. 4.1, median, simultaneous",published,0.05806432236688941,0.9407700622283802,-0.037490807336837184,False,0.0,0.0,1.0,False
garnet,23,100,46,4600,0.3,0.00145,20.47,False,0.9782608695652174,0.9988343845952696,0.020573515030052225,0.03,0.03,"arXiv:2408.12433 Sec. 4.1, median, simultaneous",published,0.05806432236688941,0.9407700622283802,-0.037490807336837184,False,0.0,0.0,1.0,False
garnet,23,110,46,5060,0.3,0.00145,21.136999999999997,False,0.9782608695652174,0.9988343845952696,0.020573515030052225,0.03,0.03,"arXiv:2408.12433 Sec. 4.1, median, simultaneous",published,0.05806432236688941,0.9407700622283802,-0.037490807336837184,False,0.0,0.0,1.0,False
garnet,23,120,46,5520,0.3,0.00145,21.804,False,0.9782608695652174,0.9988343845952696,0.020573515030052225,0.03,0.03,"arXiv:2408.12433 Sec. 4.1, median, simultaneous",published,0.05806432236688941,0.9407700622283802,-0.037490807336837184,False,0.0,0.0,1.0,False
garnet,23,130,46,5980,0.3,0.00145,22.471,False,0.9782608695652174,0.9988343845952696,0.020573515030052225,0.03,0.03,"arXiv:2408.12433 Sec. 4.1, median, simultaneous",published,0.05806432236688941,0.9407700622283802,-0.037490807336837184,False,0.0,0.0,1.0,False
garnet,23,140,46,6440,0.3,0.00145,23.138,False,0.9782608695652174,0.9988343845952696,0.020573515030052225,0.03,0.03,"arXiv:2408.12433 Sec. 4.1, median, simultaneous",published,0.05806432236688941,0.9407700622283802,-0.037490807336837184,False,0.0,0.0,1.0,False
garnet,23,150,46,6900,0.3,0.00145,23.805,False,0.9782608695652174,0.9988343845952696,0.020573515030052225,0.03,0.03,"arXiv:2408.12433 Sec. 4.1, median, simultaneous",published,0.05806432236688941,0.9407700622283802,-0.037490807336837184,False,0.0,0.0,1.0,False
garnet,23,160,46,7360,0.3,0.00145,24.472,False,0.9782608695652174,0.9988343845952696,0.020573515030052225,0.03,0.03,"arXiv:2408.12433 Sec. 4.1, median, simultaneous",published,0.05806432236688941,0.9407700622283802,-0.037490807336837184,False,0.0,0.0,1.0,False
garnet,23,170,46,7820,0.3,0.00145,25.139,False,0.9782608695652174,0.9988343845952696,0.020573515030052225,0.03,0.03,"arXiv:2408.12433 Sec. 4.1, median, simultaneous",published,0.05806432236688941,0.9407700622283802,-0.037490807336837184,False,0.0,0.0,1.0,False
garnet,23,180,46,8280,0.3,0.00145,25.805999999999997,False,0.9782608695652174,0.9988343845952696,0.020573515030052225,0.03,0.03,"arXiv:2408.12433 Sec. 4.1, median, simultaneous",published,0.05806432236688941,0.9407700622283802,-0.037490807336837184,False,0.0,0.0,1.0,False
garnet,23,190,46,8740,0.3,0.00145,26.472999999999995,False,0.9782608695652174,0.9988343845952696,0.020573515030052225,0.03,0.03,"arXiv:2408.12433 Sec. 4.1, median, simultaneous",published,0.05806432236688941,0.9407700622283802,-0.037490807336837184,False,0.0,0.0,1.0,False
garnet,23,200,46,9200,0.3,0.00145,27.139999999999997,False,0.9782608695652174,0.9988343845952696,0.020573515030052225,0.03,0.03,"arXiv:2408.12433 Sec. 4.1, median, simultaneous",published,0.05806432236688941,0.9407700622283802,-0.037490807336837184,False,0.0,0.0,1.0,False
garnet,23,210,46,9660,0.3,0.00145,27.807000000000002,False,0.9782608695652174,0.9988343845952696,0.020573515030052225,0.03,0.03,"arXiv:2408.12433 Sec. 4.1, median, simultaneous",published,0.05806432236688941,0.9407700622283802,-0.037490807336837184,False,0.0,0.0,1.0,False
garnet,23,220,46,10120,0.3,0.00145,28.474,False,0.9782608695652174,0.9988343845952696,0.020573515030052225,0.03,0.03,"arXiv:2408.12433 Sec. 4.1, median, simultaneous",published,0.05806432236688941,0.9407700622283802,-0.037490807336837184,False,0.0,0.0,1.0,False
garnet,23,230,46,10580,0.3,0.00145,29.141,False,0.9782608695652174,0.9988343845952696,0.020573515030052225,0.03,0.03,"arXiv:2408.12433 Sec. 4.1, median, simultaneous",published,0.05806432236688941,0.9407700622283802,-0.037490807336837184,False,0.0,0.0,1.0,False
garnet,23,240,46,11040,0.3,0.00145,29.807999999999996,False,0.9782608695652174,0.9988343845952696,0.020573515030052225,0.03,0.03,"arXiv:2408.12433 Sec. 4.1, median, simultaneous",published,0.05806432236688941,0.9407700622283802,-0.037490807336837184,False,0.0,0.0,1.0,False
garnet,23,250,46,11500,0.3,0.00145,30.474999999999998,False,0.9782608695652174,0.9988343845952696,0.020573515030052225,0.03,0.03,"arXiv:2408.12433 Sec. 4.1, median, simultaneous",published,0.05806432236688941,0.9407700622283802,-0.037490807336837184,False,0.0,0.0,1.0,False
garnet,23,260,46,11960,0.3,0.00145,31.142000000000003,False,0.9782608695652174,0.9988343845952696,0.020573515030052225,0.03,0.03,"arXiv:2408.12433 Sec. 4.1, median, simultaneous",published,0.05806432236688941,0.9407700622283802,-0.037490807336837184,False,0.0,0.0,1.0,False
garnet,23,270,46,12420,0.3,0.00145,31.809,False,0.9782608695652174,0.9988343845952696,0.020573515030052225,0.03,0.03,"arXiv:2408.12433 Sec. 4.1, median, simultaneous",published,0.05806432236688941,0.9407700622283802,-0.037490807336837184,False,0.0,0.0,1.0,False
garnet,23,280,46,12880,0.3,0.00145,32.476,False,0.9782608695652174,0.9988343845952696,0.020573515030052225,0.03,0.03,"arXiv:2408.12433 Sec. 4.1, median, simultaneous",published,0.05806432236688941,0.9407700622283802,-0.037490807336837184,False,0.0,0.0,1.0,False
garnet,23,290,46,13340,0.3,0.00145,33.142999999999994,False,0.9782608695652174,0.9988343845952696,0.020573515030052225,0.03,0.03,"arXiv:2408.12433 Sec. 4.1, median, simultaneous",published,0.05806432236688941,0.9407700622283802,-0.037490807336837184,False,0.0,0.0,1.0,False
garnet,23,300,46,13800,0.3,0.00145,33.809999999999995,False,0.9782608695652174,0.9988343845952696,0.020573515030052225,0.03,0.03,"arXiv:2408.12433 Sec. 4.1, median, simultaneous",published,0.05806432236688941,0.9407700622283802,-0.037490807336837184,False,0.0,0.0,1.0,False
garnet,25,10,50,500,0.3,0.00145,15.725,True,0.98,0.9990133642141359,0.01901336421413591,0.03,0.03,"arXiv:2408.12433 Sec. 4.1, median, simultaneous",published,0.05808515559452543,0.9409282086196105,-0.03907179138038952,False,0.0,0.0,1.0,False
garnet,25,20,50,1000,0.3,0.00145,16.45,True,0.98,0.9990133642141359,0.01901336421413591,0.03,0.03,"arXiv:2408.12433 Sec. 4.1, median, simultaneous",published,0.05808515559452543,0.9409282086196105,-0.03907179138038952,False,0.0,0.0,1.0,False
garnet,25,30,50,1500,0.3,0.00145,17.174999999999997,True,0.98,0.9990133642141359,0.01901336421413591,0.03,0.03,"arXiv:2408.12433 Sec. 4.1, median, simultaneous",published,0.05808515559452543,0.9409282086196105,-0.03907179138038952,False,0.0,0.0,1.0,False
garnet,25,40,50,2000,0.3,0.00145,17.9,True,0.98,0.9990133642141359,0.01901336421413591,0.03,0.03,"arXiv:2408.12433 Sec. 4.1, median, simultaneous",published,0.05808515559452543,0.9409282086196105,-0.03907179138038952,False,0.0,0.0,1.0,False
garnet,25,50,50,2500,0.3,0.00145,18.625,True,0.98,0.9990133642141359,0.01901336421413591,0.03,0.03,"arXiv:2408.12433 Sec. 4.1, median, simultaneous",published,0.05808515559452543,0.9409282086196105,-0.03907179138038952,False,0.0,0.0,1.0,False
garnet,25,60,50,3000,0.3,0.00145,19.35,True,0.98,0.9990133642141359,0.01901336421413591,0.03,0.03,"arXiv:2408.12433 Sec. 4.1, median, simultaneous",published,0.05808515559452543,0.9409282086196105,-0.03907179138038952,False,0.0,0.0,1.0,False
garnet,25,70,50,3500,0.3,0.00145,20.075,False,0.98,0.9990133642141359,0.01901336421413591,0.03,0.03,"arXiv:2408.12433 Sec. 4.1, median, simultaneous",published,0.05808515559452543,0.9409282086196105,-0.03907179138038952,False,0.0,0.0,1.0,False
garnet,25,80,50,4000,0.3,0.00145,20.8,False,0.98,0.9990133642141359,0.01901336421413591,0.03,0.03,"arXiv:2408.12433 Sec. 4.1, median, simultaneous",published,0.05808515559452543,0.9409282086196105,-0.03907179138038952,False,0.0,0.0,1.0,False
garnet,25,90,50,4500,0.3,0.00145,21.525,False,0.98,0.9990133642141359,0.01901336421413591,0.03,0.03,"arXiv:2408.12433 Sec. 4.1, median, simultaneous",published,0.05808515559452543,0.9409282086196105,-0.03907179138038952,False,0.0,0.0,1.0,False
garnet,25,100,50,5000,0.3,0.00145,22.249999999999996,False,0.98,0.9990133642141359,0.01901336421413591,0.03,0.03,"arXiv:2408.12433 Sec. 4.1, median, simultaneous",published,0.05808515559452543,0.9409282086196105,-0.03907179138038952,False,0.0,0.0,1.0,False
garnet,25,110,50,5500,0.3,0.00145,22.974999999999998,False,0.98,0.9990133642141359,0.01901336421413591,0.03,0.03,"arXiv:2408.12433 Sec. 4.1, median, simultaneous",published,0.05808515559452543,0.9409282086196105,-0.03907179138038952,False,0.0,0.0,1.0,False
garnet,25,120,50,6000,0.3,0.00145,23.7,False,0.98,0.9990133642141359,0.01901336421413591,0.03,0.03,"arXiv:2408.12433 Sec. 4.1, median, simultaneous",published,0.05808515559452543,0.9409282086196105,-0.03907179138038952,False,0.0,0.0,1.0,False
garnet,25,130,50,6500,0.3,0.00145,24.425,False,0.98,0.9990133642141359,0.01901336421413591,0.03,0.03,"arXiv:2408.12433 Sec. 4.1, median, simultaneous",published,0.05808515559452543,0.9409282086196105,-0.03907179138038952,False,0.0,0.0,1.0,False
garnet,25,140,50,7000,0.3,0.00145,25.15,False,0.98,0.9990133642141359,0.01901336421413591,0.03,0.03,"arXiv:2408.12433 Sec. 4.1, median, simultaneous",published,0.05808515559452543,0.9409282086196105,-0.03907179138038952,False,0.0,0.0,1.0,False
garnet,25,150,50,7500,0.3,0.00145,25.874999999999996,False,0.98,0.9990133642141359,0.01901336421413591,0.03,0.03,"arXiv:2408.12433 Sec. 4.1, median, simultaneous",published,0.05808515559452543,0.9409282086196105,-0.03907179138038952,False,0.0,0.0,1.0,False
garnet,25,160,50,8000,0.3,0.00145,26.6,False,0.98,0.9990133642141359,0.01901336421413591,0.03,0.03,"arXiv:2408.12433 Sec. 4.1, median, simultaneous",published,0.05808515559452543,0.9409282086196105,-0.03907179138038952,False,0.0,0.0,1.0,False
garnet,25,170,50,8500,0.3,0.00145,27.325,False,0.98,0.9990133642141359,0.01901336421413591,0.03,0.03,"arXiv:2408.12433 Sec. 4.1, median, simultaneous",published,0.05808515559452543,0.9409282086196105,-0.03907179138038952,False,0.0,0.0,1.0,False
garnet,25,180,50,9000,0.3,0.00145,28.049999999999997,False,0.98,0.9990133642141359,0.01901336421413591,0.03,0.03,"arXiv:2408.12433 Sec. 4.1, median, simultaneous",published,0.05808515559452543,0.9409282086196105,-0.03907179138038952,False,0.0,0.0,1.0,False
garnet,25,190,50,9500,0.3,0.00145,28.774999999999995,False,0.98,0.9990133642141359,0.01901336421413591,0.03,0.03,"arXiv:2408.12433 Sec. 4.1, median, simultaneous",published,0.05808515559452543,0.9409282086196105,-0.03907179138038952,False,0.0,0.0,1.0,False
garnet,25,200,50,10000,0.3,0.00145,29.5,False,0.98,0.9990133642141359,0.01901336421413591,0.03,0.03,"arXiv:2408.12433 Sec. 4.1, median, simultaneous",published,0.05808515559452543,0.9409282086196105,-0.03907179138038952,False,0.0,0.0,1.0,False
garnet,25,210,50,10500,0.3,0.00145,30.225,False,0.98,0.9990133642141359,0.01901336421413591,0.03,0.03,"arXiv:2408.12433 Sec. 4.1, median, simultaneous",published,0.05808515559452543,0.9409282086196105,-0.03907179138038952,False,0.0,0.0,1.0,False
garnet,25,220,50,11000,0.3,0.00145,30.95,False,0.98,0.9990133642141359,0.01901336421413591,0.03,0.03,"arXiv:2408.12433 Sec. 4.1, median, simultaneous",published,0.05808515559452543,0.9409282086196105,-0.03907179138038952,False,0.0,0.0,1.0,False
garnet,25,230,50,11500,0.3,0.00145,31.674999999999997,False,0.98,0.9990133642141359,0.01901336421413591,0.03,0.03,"arXiv:2408.12433 Sec. 4.1, median, simultaneous",published,0.05808515559452543,0.9409282086196105,-0.03907179138038952,False,0.0,0.0,1.0,False
garnet,25,240,50,12000,0.3,0.00145,32.4,False,0.98,0.9990133642141359,0.01901336421413591,0.03,0.03,"arXiv:2408.12433 Sec. 4.1, median, simultaneous",published,0.05808515559452543,0.9409282086196105,-0.03907179138038952,False,0.0,0.0,1.0,False
garnet,25,250,50,12500,0.3,0.00145,33.125,False,0.98,0.9990133642141359,0.01901336421413591,0.03,0.03,"arXiv:2408.12433 Sec. 4.1, median, simultaneous",published,0.05808515559452543,0.9409282086196105,-0.03907179138038952,False,0.0,0.0,1.0,False
garnet,25,260,50,13000,0.3,0.00145,33.85,False,0.98,0.9990133642141359,0.01901336421413591,0.03,0.03,"arXiv:2408.12433 Sec. 4.1, median, simultaneous",published,0.05808515559452543,0.9409282086196105,-0.03907179138038952,False,0.0,0.0,1.0,False
garnet,25,270,50,13500,0.3,0.00145,34.575,False,0.98,0.9990133642141359,0.01901336421413591,0.03,0.03,"arXiv:2408.12433 Sec. 4.1, median, simultaneous",published,0.05808515559452543,0.9409282086196105,-0.03907179138038952,False,0.0,0.0,1.0,False
garnet,25,280,50,14000,0.3,0.00145,35.3,False,0.98,0.9990133642141359,0.01901336421413591,0.03,0.03,"arXiv:2408.12433 Sec. 4.1, median, simultaneous",published,0.05808515559452543,0.9409282086196105,-0.03907179138038952,False,0.0,0.0,1.0,False
garnet,25,290,50,14500,0.3,0.00145,36.025,False,0.98,0.9990133642141359,0.01901336421413591,0.03,0.03,"arXiv:2408.12433 Sec. 4.1, median, simultaneous",published,0.05808515559452543,0.9409282086196105,-0.03907179138038952,False,0.0,0.0,1.0,False
garnet,25,300,50,15000,0.3,0.00145,36.74999999999999,False,0.98,0.9990133642141359,0.01901336421413591,0.03,0.03,"arXiv:2408.12433 Sec. 4.1, median, simultaneous",published,0.05808515559452543,0.9409282086196105,-0.03907179138038952,False,0.0,0.0,1.0,False
garnet,27,10,54,540,0.3,0.00145,16.983,True,0.9814814814814815,0.9991540791356341,0.017672597654152633,0.03,0.03,"arXiv:2408.12433 Sec. 4.1, median, simultaneous",published,0.0581015348113878,0.9410525443242463,-0.04042893715723517,False,0.0,0.0,1.0,False
garnet,27,20,54,1080,0.3,0.00145,17.766,True,0.9814814814814815,0.9991540791356341,0.017672597654152633,0.03,0.03,"arXiv:2408.12433 Sec. 4.1, median, simultaneous",published,0.0581015348113878,0.9410525443242463,-0.04042893715723517,False,0.0,0.0,1.0,False
garnet,27,30,54,1620,0.3,0.00145,18.549,True,0.9814814814814815,0.9991540791356341,0.017672597654152633,0.03,0.03,"arXiv:2408.12433 Sec. 4.1, median, simultaneous",published,0.0581015348113878,0.9410525443242463,-0.04042893715723517,False,0.0,0.0,1.0,False
garnet,27,40,54,2160,0.3,0.00145,19.332,True,0.9814814814814815,0.9991540791356341,0.017672597654152633,0.03,0.03,"arXiv:2408.12433 Sec. 4.1, median, simultaneous",published,0.0581015348113878,0.9410525443242463,-0.04042893715723517,False,0.0,0.0,1.0,False
garnet,27,50,54,2700,0.3,0.00145,20.115,False,0.9814814814814815,0.9991540791356341,0.017672597654152633,0.03,0.03,"arXiv:2408.12433 Sec. 4.1, median, simultaneous",published,0.0581015348113878,0.9410525443242463,-0.04042893715723517,False,0.0,0.0,1.0,False
garnet,27,60,54,3240,0.3,0.00145,20.898,False,0.9814814814814815,0.9991540791356341,0.017672597654152633,0.03,0.03,"arXiv:2408.12433 Sec. 4.1, median, simultaneous",published,0.0581015348113878,0.9410525443242463,-0.04042893715723517,False,0.0,0.0,1.0,False
garnet,27,70,54,3780,0.3,0.00145,21.680999999999997,False,0.9814814814814815,0.9991540791356341,0.017672597654152633,0.03,0.03,"arXiv:2408.12433 Sec. 4.1, median, simultaneous",published,0.0581015348113878,0.9410525443242463,-0.04042893715723517,False,0.0,0.0,1.0,False
garnet,27,80,54,4320,0.3,0.00145,22.464,False,0.9814814814814815,0.9991540791356341,0.017672597654152633,0.03,0.03,"arXiv:2408.12433 Sec. 4.1, median, simultaneous",published,0.0581015348113878,0.9410525443242463,-0.04042893715723517,False,0.0,0.0,1.0,False
garnet,27,90,54,4860,0.3,0.00145,23.247,False,0.9814814814814815,0.9991540791356341,0.017672597654152633,0.03,0.03,"arXiv:2408.12433 Sec. 4.1, median, simultaneous",published,0.0581015348113878,0.9410525443242463,-0.04042893715723517,False,0.0,0.0,1.0,False
garnet,27,100,54,5400,0.3,0.00145,24.029999999999998,False,0.9814814814814815,0.9991540791356341,0.017672597654152633,0.03,0.03,"arXiv:2408.12433 Sec. 4.1, median, simultaneous",published,0.0581015348113878,0.9410525443242463,-0.04042893715723517,False,0.0,0.0,1.0,False
garnet,27,110,54,5940,0.3,0.00145,24.813,False,0.9814814814814815,0.9991540791356341,0.017672597654152633,0.03,0.03,"arXiv:2408.12433 Sec. 4.1, median, simultaneous",published,0.0581015348113878,0.9410525443242463,-0.04042893715723517,False,0.0,0.0,1.0,False
garnet,27,120,54,6480,0.3,0.00145,25.596,False,0.9814814814814815,0.9991540791356341,0.017672597654152633,0.03,0.03,"arXiv:2408.12433 Sec. 4.1, median, simultaneous",published,0.0581015348113878,0.9410525443242463,-0.04042893715723517,False,0.0,0.0,1.0,False
garnet,27,130,54,7020,0.3,0.00145,26.378999999999998,False,0.9814814814814815,0.9991540791356341,0.017672597654152633,0.03,0.03,"arXiv:2408.12433 Sec. 4.1, median, simultaneous",published,0.0581015348113878,0.9410525443242463,-0.04042893715723517,False,0.0,0.0,1.0,False
garnet,27,140,54,7560,0.3,0.00145,27.162,False,0.9814814814814815,0.9991540791356341,0.017672597654152633,0.03,0.03,"arXiv:2408.12433 Sec. 4.1, median, simultaneous",published,0.0581015348113878,0.9410525443242463,-0.04042893715723517,False,0.0,0.0,1.0,False
garnet,27,150,54,8100,0.3,0.00145,27.944999999999997,False,0.9814814814814815,0.9991540791356341,0.017672597654152633,0.03,0.03,"arXiv:2408.12433 Sec. 4.1, median, simultaneous",published,0.0581015348113878,0.9410525443242463,-0.04042893715723517,False,0.0,0.0,1.0,False
garnet,27,160,54,8640,0.3,0.00145,28.728,False,0.9814814814814815,0.9991540791356341,0.017672597654152633,0.03,0.03,"arXiv:2408.12433 Sec. 4.1, median, simultaneous",published,0.0581015348113878,0.9410525443242463,-0.04042893715723517,False,0.0,0.0,1.0,False
garnet,27,170,54,9180,0.3,0.00145,29.511,False,0.9814814814814815,0.9991540791356341,0.017672597654152633,0.03,0.03,"arXiv:2408.12433 Sec. 4.1, median, simultaneous",published,0.0581015348113878,0.9410525443242463,-0.04042893715723517,False,0.0,0.0,1.0,False
garnet,27,180,54,9720,0.3,0.00145,30.293999999999997,False,0.9814814814814815,0.9991540791356341,0.017672597654152633,0.03,0.03,"arXiv:2408.12433 Sec. 4.1, median, simultaneous",published,0.0581015348113878,0.9410525443242463,-0.04042893715723517,False,0.0,0.0,1.0,False
garnet,27,190,54,10260,0.3,0.00145,31.076999999999995,False,0.9814814814814815,0.9991540791356341,0.017672597654152633,0.03,0.03,"arXiv:2408.12433 Sec. 4.1, median, simultaneous",published,0.0581015348113878,0.9410525443242463,-0.04042893715723517,False,0.0,0.0,1.0,False
garnet,27,200,54,10800,0.3,0.00145,31.86,False,0.9814814814814815,0.9991540791356341,0.017672597654152633,0.03,0.03,"arXiv:2408.12433 Sec. 4.1, median, simultaneous",published,0.0581015348113878,0.9410525443242463,-0.04042893715723517,False,0.0,0.0,1.0,False
garnet,27,210,54,11340,0.3,0.00145,32.643,False,0.9814814814814815,0.9991540791356341,0.017672597654152633,0.03,0.03,"arXiv:2408.12433 Sec. 4.1, median, simultaneous",published,0.0581015348113878,0.9410525443242463,-0.04042893715723517,False,0.0,0.0,1.0,False
garnet,27,220,54,11880,0.3,0.00145,33.426,False,0.9814814814814815,0.9991540791356341,0.017672597654152633,0.03,0.03,"arXiv:2408.12433 Sec. 4.1, median, simultaneous",published,0.0581015348113878,0.9410525443242463,-0.04042893715723517,False,0.0,0.0,1.0,False
garnet,27,230,54,12420,0.3,0.00145,34.208999999999996,False,0.9814814814814815,0.9991540791356341,0.017672597654152633,0.03,0.03,"arXiv:2408.12433 Sec. 4.1, median, simultaneous",published,0.0581015348113878,0.9410525443242463,-0.04042893715723517,False,0.0,0.0,1.0,False
garnet,27,240,54,12960,0.3,0.00145,34.992,False,0.9814814814814815,0.9991540791356341,0.017672597654152633,0.03,0.03,"arXiv:2408.12433 Sec. 4.1, median, simultaneous",published,0.0581015348113878,0.9410525443242463,-0.04042893715723517,False,0.0,0.0,1.0,False
garnet,27,250,54,13500,0.3,0.00145,35.775,False,0.9814814814814815,0.9991540791356341,0.017672597654152633,0.03,0.03,"arXiv:2408.12433 Sec. 4.1, median, simultaneous",published,0.0581015348113878,0.9410525443242463,-0.04042893715723517,False,0.0,0.0,1.0,False
garnet,27,260,54,14040,0.3,0.00145,36.558,False,0.9814814814814815,0.9991540791356341,0.017672597654152633,0.03,0.03,"arXiv:2408.12433 Sec. 4.1, median, simultaneous",published,0.0581015348113878,0.9410525443242463,-0.04042893715723517,False,0.0,0.0,1.0,False
garnet,27,270,54,14580,0.3,0.00145,37.341,False,0.9814814814814815,0.9991540791356341,0.017672597654152633,0.03,0.03,"arXiv:2408.12433 Sec. 4.1, median, simultaneous",published,0.0581015348113878,0.9410525443242463,-0.04042893715723517,False,0.0,0.0,1.0,False
garnet,27,280,54,15120,0.3,0.00145,38.123999999999995,False,0.9814814814814815,0.9991540791356341,0.017672597654152633,0.03,0.03,"arXiv:2408.12433 Sec. 4.1, median, simultaneous",published,0.0581015348113878,0.9410525443242463,-0.04042893715723517,False,0.0,0.0,1.0,False
garnet,27,290,54,15660,0.3,0.00145,38.907,False,0.9814814814814815,0.9991540791356341,0.017672597654152633,0.03,0.03,"arXiv:2408.12433 Sec. 4.1, median, simultaneous",published,0.0581015348113878,0.9410525443242463,-0.04042893715723517,False,0.0,0.0,1.0,False
garnet,27,300,54,16200,0.3,0.00145,39.68999999999999,False,0.9814814814814815,0.9991540791356341,0.017672597654152633,0.03,0.03,"arXiv:2408.12433 Sec. 4.1, median, simultaneous",published,0.0581015348113878,0.9410525443242463,-0.04042893715723517,False,0.0,0.0,1.0,False
garnet,29,10,58,580,0.3,0.00145,18.241,True,0.9827586206896551,0.999266706925562,0.016508086235906827,0.03,0.03,"arXiv:2408.12433 Sec. 4.1, median, simultaneous",published,0.058114644686135475,0.9411520622394265,-0.04160655845022865,False,0.0,0.0,1.0,False
garnet,29,20,58,1160,0.3,0.00145,19.081999999999997,True,0.9827586206896551,0.999266706925562,0.016508086235906827,0.03,0.03,"arXiv:2408.12433 Sec. 4.1, median, simultaneous",published,0.058114644686135475,0.9411520622394265,-0.04160655845022865,False,0.0,0.0,1.0,False
garnet,29,30,58,1740,0.3,0.00145,19.923,True,0.9827586206896551,0.999266706925562,0.016508086235906827,0.03,0.03,"arXiv:2408.12433 Sec. 4.1, median, simultaneous",published,0.058114644686135475,0.9411520622394265,-0.04160655845022865,False,0.0,0.0,1.0,False
garnet,29,40,58,2320,0.3,0.00145,20.764,False,0.9827586206896551,0.999266706925562,0.016508086235906827,0.03,0.03,"arXiv:2408.12433 Sec. 4.1, median, simultaneous",published,0.058114644686135475,0.9411520622394265,-0.04160655845022865,False,0.0,0.0,1.0,False
garnet,29,50,58,2900,0.3,0.00145,21.605,False,0.9827586206896551,0.999266706925562,0.016508086235906827,0.03,0.03,"arXiv:2408.12433 Sec. 4.1, median, simultaneous",published,0.058114644686135475,0.9411520622394265,-0.04160655845022865,False,0.0,0.0,1.0,False
garnet,29,60,58,3480,0.3,0.00145,22.446,False,0.9827586206896551,0.999266706925562,0.016508086235906827,0.03,0.03,"arXiv:2408.12433 Sec. 4.1, median, simultaneous",published,0.058114644686135475,0.9411520622394265,-0.04160655845022865,False,0.0,0.0,1.0,False
garnet,29,70,58,4060,0.3,0.00145,23.287,False,0.9827586206896551,0.999266706925562,0.016508086235906827,0.03,0.03,"arXiv:2408.12433 Sec. 4.1, median, simultaneous",published,0.058114644686135475,0.9411520622394265,-0.04160655845022865,False,0.0,0.0,1.0,False
garnet,29,80,58,4640,0.3,0.00145,24.128,False,0.9827586206896551,0.999266706925562,0.016508086235906827,0.03,0.03,"arXiv:2408.12433 Sec. 4.1, median, simultaneous",published,0.058114644686135475,0.9411520622394265,-0.04160655845022865,False,0.0,0.0,1.0,False
garnet,29,90,58,5220,0.3,0.00145,24.969,False,0.9827586206896551,0.999266706925562,0.016508086235906827,0.03,0.03,"arXiv:2408.12433 Sec. 4.1, median, simultaneous",published,0.058114644686135475,0.9411520622394265,-0.04160655845022865,False,0.0,0.0,1.0,False
garnet,29,100,58,5800,0.3,0.00145,25.81,False,0.9827586206896551,0.999266706925562,0.016508086235906827,0.03,0.03,"arXiv:2408.12433 Sec. 4.1, median, simultaneous",published,0.058114644686135475,0.9411520622394265,-0.04160655845022865,False,0.0,0.0,1.0,False
garnet,29,110,58,6380,0.3,0.00145,26.650999999999996,False,0.9827586206896551,0.999266706925562,0.016508086235906827,0.03,0.03,"arXiv:2408.12433 Sec. 4.1, median, simultaneous",published,0.058114644686135475,0.9411520622394265,-0.04160655845022865,False,0.0,0.0,1.0,False
garnet,29,120,58,6960,0.3,0.00145,27.491999999999997,False,0.9827586206896551,0.999266706925562,0.016508086235906827,0.03,0.03,"arXiv:2408.12433 Sec. 4.1, median, simultaneous",published,0.058114644686135475,0.9411520622394265,-0.04160655845022865,False,0.0,0.0,1.0,False
garnet,29,130,58,7540,0.3,0.00145,28.333,False,0.9827586206896551,0.999266706925562,0.016508086235906827,0.03,0.03,"arXiv:2408.12433 Sec. 4.1, median, simultaneous",published,0.058114644686135475,0.9411520622394265,-0.04160655845022865,False,0.0,0.0,1.0,False
garnet,29,140,58,8120,0.3,0.00145,29.174,False,0.9827586206896551,0.999266706925562,0.016508086235906827,0.03,0.03,"arXiv:2408.12433 Sec. 4.1, median, simultaneous",published,0.058114644686135475,0.9411520622394265,-0.04160655845022865,False,0.0,0.0,1.0,False
garnet,29,150,58,8700,0.3,0.00145,30.014999999999997,False,0.9827586206896551,0.999266706925562,0.016508086235906827,0.03,0.03,"arXiv:2408.12433 Sec. 4.1, median, simultaneous",published,0.058114644686135475,0.9411520622394265,-0.04160655845022865,False,0.0,0.0,1.0,False
garnet,29,160,58,9280,0.3,0.00145,30.856,False,0.9827586206896551,0.999266706925562,0.016508086235906827,0.03,0.03,"arXiv:2408.12433 Sec. 4.1, median, simultaneous",published,0.058114644686135475,0.9411520622394265,-0.04160655845022865,False,0.0,0.0,1.0,False
garnet,29,170,58,9860,0.3,0.00145,31.697,False,0.9827586206896551,0.999266706925562,0.016508086235906827,0.03,0.03,"arXiv:2408.12433 Sec. 4.1, median, simultaneous",published,0.058114644686135475,0.9411520622394265,-0.04160655845022865,False,0.0,0.0,1.0,False
garnet,29,180,58,10440,0.3,0.00145,32.538,False,0.9827586206896551,0.999266706925562,0.016508086235906827,0.03,0.03,"arXiv:2408.12433 Sec. 4.1, median, simultaneous",published,0.058114644686135475,0.9411520622394265,-0.04160655845022865,False,0.0,0.0,1.0,False
garnet,29,190,58,11020,0.3,0.00145,33.37899999999999,False,0.9827586206896551,0.999266706925562,0.016508086235906827,0.03,0.03,"arXiv:2408.12433 Sec. 4.1, median, simultaneous",published,0.058114644686135475,0.9411520622394265,-0.04160655845022865,False,0.0,0.0,1.0,False
garnet,29,200,58,11600,0.3,0.00145,34.22,False,0.9827586206896551,0.999266706925562,0.016508086235906827,0.03,0.03,"arXiv:2408.12433 Sec. 4.1, median, simultaneous",published,0.058114644686135475,0.9411520622394265,-0.04160655845022865,False,0.0,0.0,1.0,False
garnet,29,210,58,12180,0.3,0.00145,35.061,False,0.9827586206896551,0.999266706925562,0.016508086235906827,0.03,0.03,"arXiv:2408.12433 Sec. 4.1, median, simultaneous",published,0.058114644686135475,0.9411520622394265,-0.04160655845022865,False,0.0,0.0,1.0,False
garnet,29,220,58,12760,0.3,0.00145,35.902,False,0.9827586206896551,0.999266706925562,0.016508086235906827,0.03,0.03,"arXiv:2408.12433 Sec. 4.1, median, simultaneous",published,0.058114644686135475,0.9411520622394265,-0.04160655845022865,False,0.0,0.0,1.0,False
garnet,29,230,58,13340,0.3,0.00145,36.742999999999995,False,0.9827586206896551,0.999266706925562,0.016508086235906827,0.03,0.03,"arXiv:2408.12433 Sec. 4.1, median, simultaneous",published,0.058114644686135475,0.9411520622394265,-0.04160655845022865,False,0.0,0.0,1.0,False
garnet,29,240,58,13920,0.3,0.00145,37.583999999999996,False,0.9827586206896551,0.999266706925562,0.016508086235906827,0.03,0.03,"arXiv:2408.12433 Sec. 4.1, median, simultaneous",published,0.058114644686135475,0.9411520622394265,-0.04160655845022865,False,0.0,0.0,1.0,False
garnet,29,250,58,14500,0.3,0.00145,38.425,False,0.9827586206896551,0.999266706925562,0.016508086235906827,0.03,0.03,"arXiv:2408.12433 Sec. 4.1, median, simultaneous",published,0.058114644686135475,0.9411520622394265,-0.04160655845022865,False,0.0,0.0,1.0,False
garnet,29,260,58,15080,0.3,0.00145,39.266000000000005,False,0.9827586206896551,0.999266706925562,0.016508086235906827,0.03,0.03,"arXiv:2408.12433 Sec. 4.1, median, simultaneous",published,0.058114644686135475,0.9411520622394265,-0.04160655845022865,False,0.0,0.0,1.0,False
garnet,29,270,58,15660,0.3,0.00145,40.107,False,0.9827586206896551,0.999266706925562,0.016508086235906827,0.03,0.03,"arXiv:2408.12433 Sec. 4.1, median, simultaneous",published,0.058114644686135475,0.9411520622394265,-0.04160655845022865,False,0.0,0.0,1.0,False
garnet,29,280,58,16240,0.3,0.00145,40.948,False,0.9827586206896551,0.999266706925562,0.016508086235906827,0.03,0.03,"arXiv:2408.12433 Sec. 4.1, median, simultaneous",published,0.058114644686135475,0.9411520622394265,-0.04160655845022865,False,0.0,0.0,1.0,False
garnet,29,290,58,16820,0.3,0.00145,41.788999999999994,False,0.9827586206896551,0.999266706925562,0.016508086235906827,0.03,0.03,"arXiv:2408.12433 Sec. 4.1, median, simultaneous",published,0.058114644686135475,0.9411520622394265,-0.04160655845022865,False,0.0,0.0,1.0,False
garnet,29,300,58,17400,0.3,0.00145,42.629999999999995,False,0.9827586206896551,0.999266706925562,0.016508086235906827,0.03,0.03,"arXiv:2408.12433 Sec. 4.1, median, simultaneous",published,0.058114644686135475,0.9411520622394265,-0.04160655845022865,False,0.0,0.0,1.0,False
